10,25,2,1.0000889301300049,2.0003159046173096,9.07346796989441,0,58,0
10,25,1,0.6974189281463623,4.001316785812378,11.074469089508057,0,58,6
10,25,1,0.5825769901275635,6.31841778755188,13.391570091247559,0,58,3
10,25,1,0.6156101226806641,8.52019190788269,15.59334397315979,0,38,4
10,25,2,0.967954158782959,10.30616283416748,17.379313945770264,0,2,6
10,25,2,0,10.306447982788086,17.37959909439087,Forced travel,0,0
10,10,2,0.8655600547790527,2.017204999923706,28.066833972930908,0,59,4
10,10,2,0.7479579448699951,4.0015709400177,30.051201105117798,0,57,0
10,10,2,0,4.002579927444458,30.05220913887024,Forced travel,0,0
10,10,1,0.8266208171844482,2.0011088848114014,40.08944916725159,0,57,3
10,10,1,0.5968410968780518,4.002461910247803,42.090803146362305,0,58,3
10,10,2,0.7479820251464844,6.003450870513916,44.0917911529541,0,58,6
10,10,1,0.8481519222259521,8.004619836807251,46.09295916557312,0,58,0
10,10,2,0.6295909881591797,10.005664825439453,48.09400510787964,0,58,2
10,10,2,0,10.005926847457886,48.094265937805176,Forced travel,0,0
10,5,2,0.8146591186523438,2.0173258781433105,58.14932608604431,0,59,5
10,5,2,1.0000910758972168,4.001672983169556,60.13367295265198,0,57,6
10,5,2,0,4.002635955810547,60.13463497161865,Forced travel,0,0
10,5,2,0.6796441078186035,2.0015530586242676,70.17226099967957,0,58,1
10,5,1,0.5680229663848877,4.002578020095825,72.17328596115112,0,58,0
10,5,1,0.5976018905639648,6.003648996353149,74.17435693740845,0,58,4
10,5,1,0.5410101413726807,8.021399974822998,76.19210696220398,0,57,6
10,5,1,0.688413143157959,10.005724906921387,78.17643308639526,0,57,0
10,5,1,0,10.005995035171509,78.17670202255249,Reward,0,0
10,25,2,0.8135449886322021,2.0004160404205322,90.26595401763916,0,58,6
10,25,1,0.6543128490447998,4.001654863357544,92.26719307899475,0,58,4
10,25,1,0.6767470836639404,6.002742052078247,94.26828002929688,0,58,1
10,25,1,0.6390888690948486,8.003769874572754,96.26930809020996,0,57,7
10,25,1,0.6478698253631592,10.00486707687378,98.27040600776672,0,58,6
10,25,1,0,10.005141019821167,98.2706789970398,Reward,0,0
10,5,1,0.6369049549102783,2.0005910396575928,110.32653594017029,0,58,4
10,5,1,0.559377908706665,4.001893043518066,112.32783913612366,0,58,5
10,5,1,0.9489319324493408,6.002892017364502,114.32883715629578,0,58,6
10,5,1,0.6115951538085938,8.00389313697815,116.32983803749084,0,57,4
10,5,1,0.6854472160339355,10.004903078079224,118.33084797859192,0,58,0
10,5,1,0,10.00517201423645,118.33111596107483,Reward,0,0
10,25,1,0.6786420345306396,2.000248908996582,130.387216091156,0,57,7
10,25,1,0.6751968860626221,4.018024921417236,132.40499210357666,0,57,0
10,25,1,0.9479479789733887,6.002285003662109,134.38925194740295,0,57,5
10,25,1,0.6886739730834961,8.00342607498169,136.39039301872253,0,57,7
10,25,1,0.5354979038238525,10.021158933639526,138.40812611579895,0,57,0
10,25,1,0,10.021426916122437,138.40839314460754,Reward,0,0
10,5,1,0.5504331588745117,2.001220941543579,150.4644730091095,0,57,6
10,5,1,0.6143059730529785,4.002285003662109,152.46553707122803,0,57,1
10,5,1,0.49947309494018555,6.00335693359375,154.46660900115967,0,57,1
10,5,1,0.9674851894378662,8.004405975341797,156.46765804290771,0,58,1
10,5,2,1.000093936920166,10.00519585609436,158.46844816207886,0,58,2
10,5,1,0,10.00543999671936,158.46869111061096,Reward,0,0
10,25,2,0.732353925704956,2.0173258781433105,170.5418860912323,0,59,2
10,25,1,0.6362237930297852,4.001291036605835,172.52585101127625,0,56,2
10,25,1,0.5546538829803467,6.002572059631348,174.52713203430176,0,58,4
10,25,1,0.8309600353240967,8.003648042678833,176.52820801734924,0,58,4
10,25,1,0.5700809955596924,10.004661083221436,178.52922010421753,0,57,7
10,25,1,0,10.004920959472656,178.52947998046875,Reward,0,0
10,10,1,0.7669739723205566,2.00126314163208,190.58559203147888,0,58,1
10,10,1,0.543701171875,4.002396106719971,192.58672499656677,0,57,3
10,10,1,0.819101095199585,6.0034050941467285,194.58773398399353,0,57,1
10,10,1,0.5705440044403076,8.004379987716675,196.58870911598206,0,58,4
10,10,1,0.7377350330352783,10.005227088928223,198.58955693244934,0,58,3
10,10,1,0,10.00549602508545,198.58982396125793,Reward,0,0
10,10,1,0.6764111518859863,2.0014920234680176,210.6461420059204,0,58,7
10,10,1,0.46228814125061035,4.002548933029175,212.64719796180725,0,57,0
10,10,1,0.5147740840911865,6.003583908081055,214.64823293685913,0,58,7
10,10,1,0.664355993270874,8.00464391708374,216.6492941379547,0,58,3
10,10,1,0.5547819137573242,10.005777835845947,218.6504271030426,0,57,2
10,10,1,0,10.006049871444702,218.65069794654846,Reward,0,0
10,10,1,0.6139421463012695,2.0002670288085938,230.70668697357178,0,57,4
10,10,1,0.8580670356750488,4.001028060913086,232.70744800567627,0,58,0
10,10,2,0.8717410564422607,6.002372980117798,234.7087950706482,0,58,2
10,10,1,0.476621150970459,8.003438949584961,236.70985913276672,0,57,0
10,10,1,0.8278648853302002,10.004496097564697,238.71091604232788,0,58,0
10,10,1,0,10.004770994186401,238.71118998527527,Reward,0,0
10,10,1,0.5357658863067627,2.0003249645233154,250.7673201560974,0,57,4
10,10,1,0.5181829929351807,4.001321077346802,252.76831603050232,0,57,3
10,10,1,0.5229599475860596,6.002401113510132,254.76939606666565,0,57,3
10,10,1,0.44273996353149414,8.003432989120483,256.770427942276,0,57,3
10,10,1,0.5535678863525391,10.00448489189148,258.7714800834656,0,57,4
10,10,1,0,10.004755973815918,258.7717499732971,Reward,0,0
10,25,1,0.697498083114624,2.0167880058288574,270.84437799453735,0,59,1
10,25,1,0.5374650955200195,4.001316070556641,272.82890701293945,0,56,6
10,25,1,0.5375089645385742,6.002344131469727,274.82993507385254,0,57,3
10,25,1,0.5284149646759033,8.02004098892212,276.8476331233978,0,57,2
10,25,2,0.5988848209381104,10.00441312789917,278.832004070282,0,57,0
10,25,1,0,10.004684925079346,278.83227610588074,Reward,0,0
10,5,1,0.8032679557800293,1.9999768733978271,290.8881630897522,0,58,0
10,5,1,0.715872049331665,4.001307010650635,292.8894920349121,0,58,1
10,5,1,0.6846070289611816,6.002287864685059,294.89047408103943,0,57,5
10,5,1,0.693634033203125,8.003329038619995,296.8915150165558,0,58,4
10,5,1,0.4718310832977295,10.004402875900269,298.89258909225464,0,57,2
10,5,1,0,10.004677057266235,298.8928620815277,Reward,0,0
10,25,1,0.6497478485107422,2.0011889934539795,310.9488699436188,0,58,6
10,25,1,0.5612280368804932,4.0189831256866455,312.96666407585144,0,57,6
10,25,1,0.6314899921417236,6.0200419425964355,314.9677231311798,0,56,1
10,25,1,0.5911610126495361,8.00445008277893,316.9521310329437,0,57,7
10,25,2,0.7145509719848633,10.005491018295288,318.953173160553,0,58,0
10,25,1,0,10.005759000778198,318.953439950943,Reward,0,0
10,5,1,0.6623868942260742,2.000032901763916,331.00937008857727,0,57,2
10,5,1,0.4810011386871338,4.001212120056152,333.01055002212524,0,57,0
10,5,1,0.5829689502716064,6.002208948135376,335.01154494285583,0,58,7
10,5,1,0.5109400749206543,8.003326892852783,337.01266407966614,0,57,0
10,5,1,0.5319318771362305,10.020999908447266,339.0303370952606,0,57,4
10,5,1,0,10.02127194404602,339.0306079387665,Reward,0,0
10,10,1,0.8153209686279297,2.0168139934539795,351.1031949520111,0,59,4
10,10,1,0.6012821197509766,4.001415014266968,353.087797164917,0,56,4
10,10,1,0.5564730167388916,6.002193927764893,355.0885751247406,0,58,4
10,10,1,0.5963261127471924,8.003452062606812,357.08983302116394,0,58,5
10,10,1,0.5402860641479492,10.004498958587646,359.09088015556335,0,57,0
10,10,1,0,10.004775047302246,359.09115505218506,Reward,0,0
10,5,1,0.5692410469055176,2.001194953918457,371.16391611099243,0,57,2
10,5,1,0.5064189434051514,4.002285957336426,373.1650080680847,0,57,0
10,5,1,0.5816199779510498,6.003291130065918,375.1660120487213,0,58,3
10,5,1,0.7731289863586426,8.004380941390991,377.1671030521393,0,57,3
10,5,1,0.5684769153594971,10.005409002304077,379.16813015937805,0,57,1
10,5,1,0,10.005681991577148,379.1684031486511,Reward,0,0
10,25,1,0.5770750045776367,2.0010859966278076,391.22433614730835,0,58,5
10,25,1,0.64605712890625,4.002135992050171,393.2253861427307,0,58,4
10,25,1,0.747593879699707,6.003183126449585,395.22643303871155,0,58,3
10,25,1,0.5813331604003906,8.004199028015137,397.2274489402771,0,58,4
10,25,1,0.5652530193328857,10.005319118499756,399.2285690307617,0,58,1
10,25,1,0,10.005605936050415,399.22885513305664,Reward,0,0
10,25,1,0.6485650539398193,2.0174331665039062,411.3019471168518,0,59,2
10,25,1,0.5321238040924072,4.001359939575195,413.285875082016,0,56,4
10,25,1,0.5011157989501953,6.00265097618103,415.2871661186218,0,58,7
10,25,1,0.4747910499572754,8.003715991973877,417.2882311344147,0,57,7
10,25,1,0.5507998466491699,10.021499156951904,419.3060131072998,0,57,0
10,25,1,0,10.021706104278564,419.30622005462646,Reward,0,0
14,10,1,0.52569580078125,2.0004820823669434,436.39803194999695,0,57,4
14,10,2,0.6522669792175293,4.001744985580444,438.399295091629,0,58,0
14,10,1,0.4966089725494385,6.0028040409088135,440.4003541469574,0,57,0
14,10,2,0.6798410415649414,8.003890037536621,442.4014410972595,0,58,5
14,10,2,0,8.004155158996582,442.40170407295227,Forced travel,0,0
14,25,1,0.5273408889770508,2.000347852706909,448.43770813941956,0,57,5
14,25,1,0.6983609199523926,4.001631021499634,450.4389910697937,0,58,3
14,25,1,0.6584329605102539,6.002691984176636,452.440052986145,0,58,4
14,25,1,0.4810647964477539,8.003785848617554,454.4411449432373,0,58,2
14,25,2,0.6641700267791748,10.00457501411438,456.44193506240845,0,58,2
14,25,1,0.7229859828948975,12.005878925323486,458.44323897361755,0,58,1
14,25,1,0.6222660541534424,14.006909847259521,460.44427013397217,0,58,7
14,25,1,0,14.00719690322876,460.4445559978485,Reward,0,0
14,5,1,0.6464009284973145,1.9999210834503174,468.4982490539551,0,58,3
14,5,2,0.7657270431518555,4.001056909561157,470.4993851184845,0,58,5
14,5,1,0.9259920120239258,6.002178907394409,472.50050711631775,0,58,1
14,5,2,0.9969801902770996,8.0032958984375,474.50162410736084,0,58,1
14,5,2,0,8.003558874130249,474.5018861293793,Forced travel,0,0
14,10,1,0.5635960102081299,2.0023491382598877,480.5390820503235,0,57,0
14,10,2,0.7618720531463623,4.002246141433716,482.5389790534973,0,58,1
14,10,1,0.7090468406677246,6.003507137298584,484.5402400493622,0,58,0
14,10,1,0.5056920051574707,8.004580974578857,486.54131412506104,0,58,3
14,10,1,0.6201968193054199,10.005635976791382,488.54236912727356,0,57,7
14,10,1,0.674839973449707,12.006497144699097,490.5432291030884,0,58,6
14,10,2,0.615095853805542,14.007490158081055,492.54422307014465,0,58,7
14,10,2,0,14.007728099822998,492.5444600582123,Forced travel,0,0
14,5,1,0.5674710273742676,2.000596046447754,498.5810811519623,0,57,4
14,5,1,0.9363110065460205,4.018179178237915,500.59866404533386,0,57,2
14,5,2,0.7485120296478271,6.002562046051025,502.58304715156555,0,57,5
14,5,1,0.9480428695678711,8.003599166870117,504.58408403396606,0,58,6
14,5,1,0.5548901557922363,10.004744052886963,506.5852291584015,0,58,0
14,5,1,0.599592924118042,12.005609035491943,508.5860950946808,0,58,0
14,5,1,0.5695559978485107,14.006832122802734,510.5873169898987,0,58,1
14,5,1,0,14.007881164550781,510.5883650779724,Reward,0,0
14,25,1,0.6762950420379639,2.0002927780151367,518.6415700912476,0,58,3
14,25,1,0.6236941814422607,4.001100778579712,520.6423780918121,0,58,0
14,25,1,0.6239991188049316,6.0023839473724365,522.6436610221863,0,58,0
14,25,1,0.8520679473876953,8.003427982330322,524.6447050571442,0,58,6
14,25,1,0.7018461227416992,10.004234790802002,526.6455121040344,0,58,2
14,25,1,0.6242780685424805,12.005336999893188,528.6466150283813,0,57,2
14,25,1,0.6821849346160889,14.006272792816162,530.6475491523743,0,57,5
14,25,1,0,14.006515979766846,530.6477930545807,Reward,0,0
14,5,1,0.588080883026123,2.000765085220337,538.7018539905548,0,57,5
14,5,1,0.5808460712432861,4.002073049545288,540.7031619548798,0,58,5
14,5,1,0.4562079906463623,6.003083944320679,542.7041730880737,0,57,5
14,5,1,0.5175399780273438,8.00416111946106,544.7052500247955,0,57,1
14,5,1,0.5446770191192627,10.005211114883423,546.7063000202179,0,57,6
14,5,1,0.5643880367279053,12.006309986114502,548.7073991298676,0,58,5
14,5,1,0.5394549369812012,13.990463018417358,550.6915521621704,0,56,1
14,5,1,0,13.990730047225952,550.6918179988861,Reward,0,0
14,25,1,0.7988479137420654,2.0172460079193115,558.7625839710236,0,59,3
14,25,1,0.631289005279541,4.001410961151123,560.7467501163483,0,57,5
14,25,1,0.6313660144805908,6.002507925033569,562.7478470802307,0,58,3
14,25,1,0.6203711032867432,8.003790140151978,564.7491300106049,0,58,5
14,25,1,0.49060702323913574,10.004739999771118,566.7500791549683,0,58,3
14,25,1,0.44394993782043457,12.00567102432251,568.751011133194,0,58,3
14,25,1,0.5034711360931396,14.006893157958984,570.7522320747375,0,58,4
14,25,1,0,14.007893085479736,570.753231048584,Reward,0,0
14,10,1,0.5548009872436523,2.001286029815674,578.80650806427,0,58,5
14,10,1,0.5443580150604248,4.002281904220581,580.8075039386749,0,57,7
14,10,1,0.5609109401702881,6.003347873687744,582.8085701465607,0,57,2
14,10,1,0.5311660766601562,8.004462003707886,584.8096840381622,0,58,5
14,10,1,0.5373861789703369,10.005460023880005,586.8106820583344,0,57,5
14,10,1,0.5127310752868652,12.00652003288269,588.811742067337,0,57,0
14,10,1,0.48254895210266113,13.990898847579956,590.7961220741272,0,56,6
14,10,1,0,13.991173028945923,590.796394109726,Reward,0,0
14,5,2,0.7837259769439697,2.0012900829315186,598.8503999710083,0,58,3
14,5,1,0.528282880783081,4.002387046813965,600.8514969348907,0,57,4
14,5,2,0.5399718284606934,6.003365993499756,602.8524761199951,0,58,0
14,5,2,0,6.003627061843872,602.8527359962463,Forced travel,0,0
14,25,1,0.6885931491851807,2.00119686126709,608.8890011310577,0,58,7
14,25,1,0.9143259525299072,4.002362966537476,610.8901669979095,0,58,2
14,25,1,0.594059944152832,6.0030999183654785,612.8909039497375,0,58,4
14,25,1,0.8487598896026611,8.00431203842163,614.8921160697937,0,58,3
14,25,1,0.6979658603668213,10.005393028259277,616.8931970596313,0,58,2
14,25,2,0.6477761268615723,12.006371021270752,618.8941750526428,0,58,0
14,25,1,0.7192718982696533,14.007491827011108,620.8952960968018,0,58,6
14,25,1,0,14.007778882980347,620.8955819606781,Reward,0,0
14,10,1,0.7343900203704834,2.000462055206299,628.9493279457092,0,58,7
14,10,1,0.8815159797668457,4.001499176025391,630.9503650665283,0,58,4
14,10,1,0.5729579925537109,6.002796173095703,632.9516611099243,0,58,7
14,10,1,0.5093638896942139,8.003895998001099,634.9527621269226,0,58,4
14,10,1,0.6983280181884766,10.004902124404907,636.9537680149078,0,58,6
14,10,1,0.526648998260498,12.005923986434937,638.9547891616821,0,57,4
14,10,1,0.547260046005249,13.990286111831665,640.9391520023346,0,56,1
14,10,1,0,13.99059796333313,640.9394631385803,Reward,0,0
14,5,1,0.8854000568389893,2.0011701583862305,648.9933660030365,0,58,1
14,5,1,0.8645520210266113,4.002191066741943,650.9943871498108,0,58,1
14,5,1,0.5352630615234375,6.003348112106323,652.9955451488495,0,57,3
14,5,1,0.6325390338897705,8.004201173782349,654.9963970184326,0,58,1
14,5,1,0.5232529640197754,10.005235195159912,656.9974300861359,0,57,0
14,5,1,0.5812649726867676,12.006210088729858,658.9984049797058,0,57,3
14,5,1,0.5950169563293457,14.007559061050415,660.9997551441193,0,58,5
14,5,1,0,14.007837057113647,661.0000319480896,Reward,0,0
14,5,1,0.6484379768371582,2.001138925552368,669.0538749694824,0,58,3
14,5,1,0.5116400718688965,4.002216815948486,671.0549530982971,0,57,4
14,5,2,0.5816531181335449,6.0033118724823,673.0560481548309,0,58,3
14,5,2,0.8312509059906006,8.004426002502441,675.0571610927582,0,58,6
14,5,2,0,8.00468897819519,675.0574240684509,Forced travel,0,0
14,10,2,1.0000958442687988,2.001228094100952,681.0936119556427,0,58,2
14,10,1,0.5983841419219971,4.002111196517944,683.0944950580597,0,58,0
14,10,1,0.7148401737213135,6.003173112869263,685.095556974411,0,58,2
14,10,2,0.7814459800720215,8.004203081130981,687.0965869426727,0,58,6
14,10,2,0,8.004456996917725,687.0968401432037,Forced travel,0,0
14,10,1,0.897284984588623,2.001133918762207,693.1331350803375,0,58,1
14,10,1,0.8975889682769775,4.002179145812988,695.1341800689697,0,58,0
14,10,1,0.5148220062255859,6.003204107284546,697.135204076767,0,58,5
14,10,1,0.6220941543579102,8.004239082336426,699.1362390518188,0,57,4
14,10,1,0.5856080055236816,10.00527310371399,701.1372740268707,0,57,3
14,10,1,0.46562814712524414,12.006385087966919,703.1383860111237,0,57,7
14,10,1,0.6473369598388672,13.990961074829102,705.1229619979858,0,56,1
14,10,1,0,13.991261005401611,705.123260974884,Reward,0,0
14,25,1,0.5978009700775146,2.0169360637664795,713.1935920715332,0,59,7
14,25,1,0.5912489891052246,4.001569986343384,715.1782259941101,0,56,1
14,25,1,0.5222311019897461,6.002665996551514,717.1793220043182,0,57,4
14,25,1,0.7810370922088623,8.003702878952026,719.1803591251373,0,58,7
14,25,1,0.6621339321136475,10.004593849182129,721.1812500953674,0,58,2
14,25,1,0.6389141082763672,12.005746841430664,723.182403087616,0,58,6
14,25,1,0.5358068943023682,14.006801843643188,725.1834580898285,0,58,0
14,25,1,0,14.007092952728271,725.1837480068207,Reward,0,0
14,25,1,0.8326599597930908,2.0004920959472656,733.2376890182495,0,58,7
14,25,1,0.5825529098510742,4.001269102096558,735.2384660243988,0,58,3
14,25,1,0.5143401622772217,6.002406120300293,737.2396030426025,0,57,7
14,25,1,0.4419679641723633,8.003468036651611,739.2406649589539,0,57,7
14,25,1,0.5281999111175537,10.00475001335144,741.2419469356537,0,58,7
14,25,1,0.49431705474853516,12.00559401512146,743.2427909374237,0,56,4
14,25,1,0.5470840930938721,14.006888151168823,745.2440850734711,0,58,6
14,25,1,0,14.007177114486694,745.2443730831146,Reward,0,0
14,10,1,0.77646803855896,2.001268148422241,753.2982909679413,0,58,2
14,10,1,0.5814402103424072,4.0022361278533936,755.2992579936981,0,58,6
14,10,1,0.6146121025085449,6.003744125366211,757.3007659912109,0,58,2
14,10,1,0.5832381248474121,8.004418134689331,759.3014400005341,0,57,3
14,10,1,0.782027006149292,10.005465984344482,761.3024890422821,0,58,0
14,10,1,0.47989821434020996,11.989894151687622,763.2869160175323,0,56,6
14,10,1,0.5984988212585449,14.007276058197021,765.3042981624603,0,59,6
14,10,1,0,14.00752305984497,765.3045451641083,Reward,0,0
14,10,1,0.7297358512878418,2.0005030632019043,773.358824968338,0,58,7
14,10,1,0.7308797836303711,4.001625061035156,775.3599469661713,0,58,3
14,10,1,0.6966979503631592,6.002640008926392,777.3609621524811,0,58,7
14,10,1,0.8648860454559326,8.00494909286499,779.3632709980011,0,58,6
14,10,1,0.5997798442840576,10.00456714630127,781.3628890514374,0,56,7
14,10,1,0.5318639278411865,12.005483150482178,783.363804101944,0,58,0
14,10,1,0.5774071216583252,13.990126132965088,785.3484480381012,0,56,2
14,10,1,0,13.990380048751831,785.3487019538879,Reward,0,0
14,25,2,0.6329789161682129,2.0012099742889404,793.4027030467987,0,58,0
14,25,1,0.526123046875,4.002280950546265,795.403774023056,0,57,6
14,25,1,0.6268711090087891,6.020059823989868,797.4215540885925,0,57,0
14,25,1,0.9592580795288086,8.004398822784424,799.4058921337128,0,57,6
14,25,1,0.503777027130127,10.005462884902954,801.4069559574127,0,57,4
14,25,1,0.5085999965667725,11.989912986755371,803.3914060592651,0,56,6
14,25,1,0.5502297878265381,14.007337808609009,805.4088311195374,0,59,5
14,25,1,0,14.007599830627441,805.4090931415558,Reward,0,0
14,25,1,0.5835862159729004,2.001221179962158,813.462984085083,0,58,6
14,25,1,0.616966962814331,4.002556085586548,815.4643199443817,0,58,6
14,25,1,0.7479860782623291,6.003637075424194,817.4654009342194,0,58,3
14,25,1,0.5278830528259277,8.004671096801758,819.4664371013641,0,57,1
14,25,1,0.6487159729003906,10.005664110183716,821.4674279689789,0,58,7
14,25,1,0.5499899387359619,11.989904165267944,823.4516680240631,0,56,5
14,25,1,0.49982595443725586,13.990931987762451,825.4526960849762,0,57,1
14,25,1,0,13.99120020866394,825.4529631137848,Reward,0,0
14,5,1,0.6898031234741211,2.000553846359253,833.5071711540222,0,58,5
14,5,1,0.5502140522003174,4.001579999923706,835.5081980228424,0,57,2
14,5,1,0.550321102142334,6.002601861953735,837.5092191696167,0,57,7
14,5,1,0.9994587898254395,8.003735780715942,839.5103530883789,0,58,6
14,5,1,0.49701905250549316,10.004491806030273,841.5111091136932,0,58,4
14,5,1,0.747931957244873,12.005566835403442,843.5121841430664,0,58,4
14,5,1,0.8925690650939941,14.32349181175232,845.8301091194153,0,58,0
14,5,1,0,14.323771953582764,845.8303880691528,Reward,0,0
2,10,2,0.9972639083862305,2.016765832901001,859.4042611122131,0,59,7
2,10,2,0,2.017040967941284,859.4045350551605,Forced travel,0,0
2,10,1,0.6391768455505371,2.000372886657715,877.4467301368713,0,57,3
2,10,1,0,2.001338005065918,877.4476940631866,Reward,0,0
2,25,1,0.5830700397491455,2.000563859939575,897.5075631141663,0,58,0
2,25,1,0,2.0008368492126465,897.507835149765,Reward,0,0
2,5,1,0.6164789199829102,2.00134015083313,917.5680739879608,0,58,3
2,5,1,0,2.0016210079193115,917.5683529376984,Reward,0,0
2,5,1,0.5950720310211182,2.0012519359588623,937.6286079883575,0,57,4
2,5,1,0,2.0022568702697754,937.629613161087,Reward,0,0
2,25,1,0.7630178928375244,2.000549077987671,957.6892409324646,0,58,5
2,25,1,0,2.000836133956909,957.6895270347595,Reward,0,0
2,5,1,0.5511970520019531,2.001339912414551,978.4667699337006,0,57,1
2,5,1,0,2.0016229152679443,978.467052936554,Reward,0,0
2,25,1,0.7487578392028809,2.016969919204712,998.5439729690552,0,59,6
2,25,1,0,2.0172088146209717,998.54421210289,Reward,0,0
2,25,1,0.6487998962402344,2.0173349380493164,1018.6212179660797,0,59,1
2,25,1,0,2.0176048278808594,1018.6214871406555,Reward,0,0
2,10,1,1.0004909038543701,2.001265048980713,1038.6818289756775,0,58,1
2,10,1,0,2.001544952392578,1038.682109117508,Reward,0,0
2,10,2,1.00010085105896,2.0003089904785156,1058.7424230575562,0,58,6
2,10,2,0,2.001356840133667,1058.7434711456299,Forced travel,0,0
2,5,1,0.5678350925445557,2.001183032989502,1076.785194158554,0,57,0
2,5,1,0,2.001455068588257,1076.7854640483856,Reward,0,0
2,25,1,0.5233800411224365,2.001291036605835,1096.84575009346,0,57,4
2,25,1,0,2.002357006072998,1096.8468141555786,Reward,0,0
2,5,1,0.5381109714508057,2.0006461143493652,1116.906424999237,0,57,2
2,5,1,0,2.000920057296753,1116.9066970348358,Reward,0,0
2,5,1,0.6957249641418457,2.0011909008026123,1136.9669251441956,0,58,3
2,5,1,0,2.00146484375,1136.9671969413757,Reward,0,0
2,10,2,0.6740920543670654,2.0010578632354736,1157.0272941589355,0,58,1
2,10,2,0,2.0013139247894287,1157.0275490283966,Forced travel,0,0
2,25,1,0.5527379512786865,2.000257968902588,1175.0701949596405,0,57,5
2,25,1,0,2.0012779235839844,1175.0712161064148,Reward,0,0
2,10,1,0.744225025177002,2.0001559257507324,1195.1308579444885,0,57,3
2,10,1,0,2.000447988510132,1195.131150007248,Reward,0,0
2,5,2,0.7162108421325684,2.001133918762207,1215.1913211345673,0,58,6
2,5,2,0,2.0021588802337646,1215.1923460960388,Forced travel,0,0
2,10,1,0.6712632179260254,2.0001749992370605,1233.2342309951782,0,58,5
2,10,1,0,2.001246929168701,1233.2353031635284,Reward,0,0
2,25,1,0.7255728244781494,2.0001628398895264,1253.2946190834045,0,58,7
2,25,1,0,2.0004360675811768,1253.2948911190033,Reward,0,0
0,0,0,99,0,1269.3361761569977,Break,0,0
10,10,1,0.9905250072479248,2.0010690689086914,1305.8724329471588,0,58,4
10,10,1,0.589514970779419,4.0021750926971436,1307.873538017273,0,57,3
10,10,1,0.5838589668273926,6.019910097122192,1309.8912751674652,0,57,1
10,10,1,0.5396130084991455,8.004228115081787,1311.875591993332,0,57,3
10,10,1,0.512747049331665,10.005303144454956,1313.8766660690308,0,57,2
10,10,1,0,10.005573034286499,1313.8769359588623,Reward,0,0
10,25,1,0.7879090309143066,2.001059055328369,1325.9329800605774,0,58,0
10,25,1,0.5071029663085938,4.002132892608643,1327.9340550899506,0,57,2
10,25,1,0.6144881248474121,6.003173112869263,1329.9350950717926,0,58,6
10,25,1,0.6440010070800781,8.004002094268799,1331.9359240531921,0,58,2
10,25,1,0.597736120223999,10.005069017410278,1333.9369909763336,0,58,4
10,25,1,0,10.005332946777344,1333.9372539520264,Reward,0,0
10,10,1,0.6387989521026611,2.0003910064697266,1345.9935841560364,0,58,3
10,10,1,0.5632970333099365,4.001450061798096,1347.9946429729462,0,57,0
10,10,1,0.7201979160308838,6.0191991329193115,1350.0123920440674,0,57,3
10,10,1,0.568314790725708,8.003389120101929,1351.99658203125,0,56,1
10,10,2,0.814551830291748,10.004457950592041,1353.9976511001587,0,58,3
10,10,1,0,10.00472116470337,1353.9979131221771,Reward,0,0
10,5,2,0.7988729476928711,2.0171470642089844,1366.0708429813385,0,59,3
10,5,2,0.5820050239562988,4.001258134841919,1368.0549550056458,0,57,1
10,5,2,0,4.001523017883301,1368.0552189350128,Forced travel,0,0
10,5,1,0.5839838981628418,2.0011467933654785,1378.0937581062317,0,57,2
10,5,1,0.5170731544494629,4.002223968505859,1380.0948350429535,0,57,1
10,5,1,0.6608841419219971,6.003302812576294,1382.0959150791168,0,57,1
10,5,1,0.6188459396362305,8.004135847091675,1384.0967471599579,0,58,6
10,5,1,0.4652559757232666,10.005404949188232,1386.0980160236359,0,56,6
10,5,1,0,10.005672931671143,1386.0982840061188,Reward,0,0
10,25,1,0.7439370155334473,2.000169038772583,1398.1541650295258,0,58,6
10,25,1,0.5182888507843018,4.001230955123901,1400.1552259922028,0,57,5
10,25,1,0.6512720584869385,6.002496004104614,1402.1564910411835,0,58,2
10,25,1,0.4772510528564453,8.020248889923096,1404.1742441654205,0,57,6
10,25,1,0.48622584342956543,10.00465989112854,1406.158655166626,0,55,6
10,25,1,0,10.004932880401611,1406.1589269638062,Reward,0,0
10,25,1,0.5972659587860107,2.0161349773406982,1418.2313251495361,0,59,4
10,25,1,0.6737289428710938,4.000594139099121,1420.215784072876,0,57,2
10,25,1,0.5656352043151855,6.001603126525879,1422.2167930603027,0,57,3
10,25,1,0.5499200820922852,8.002599954605103,1424.2177910804749,0,57,7
10,25,1,0.5482230186462402,10.003725051879883,1426.2189140319824,0,58,5
10,25,1,0,10.003971099853516,1426.219160079956,Reward,0,0
10,5,1,0.5460062026977539,2.0012879371643066,1438.2752730846405,0,57,5
10,5,1,0.5168888568878174,4.002344131469727,1440.2763290405273,0,57,1
10,5,1,0.6788949966430664,6.003514051437378,1442.277498960495,0,58,2
10,5,1,0.4877350330352783,8.004621028900146,1444.2786059379578,0,57,5
10,5,2,0.52982497215271,10.005731105804443,1446.279716014862,0,58,0
10,5,1,0,10.006006002426147,1446.2799899578094,Reward,0,0
10,10,2,0.7154660224914551,2.017137050628662,1458.3527431488037,0,59,3
10,10,1,0.8326828479766846,4.00154709815979,1460.3371529579163,0,57,5
10,10,1,0.7138900756835938,6.002579212188721,1462.3381860256195,0,58,2
10,10,1,0.530886173248291,8.00363802909851,1464.3392441272736,0,58,4
10,10,1,0.530742883682251,10.00457501411438,1466.3401811122894,0,58,1
10,10,1,0,10.004823207855225,1466.3404290676117,Reward,0,0
10,10,2,0.6498498916625977,2.0011799335479736,1478.3965511322021,0,58,0
10,10,1,0.7130720615386963,4.002263069152832,1480.3976340293884,0,57,7
10,10,1,0.8143711090087891,6.003371953964233,1482.3987441062927,0,58,5
10,10,1,0.514366865158081,8.021022081375122,1484.4163930416107,0,57,7
10,10,1,0.6340210437774658,10.005207061767578,1486.4005780220032,0,56,2
10,10,1,0,10.005474090576172,1486.4008440971375,Reward,0,0
10,5,1,0.5574789047241211,2.000446081161499,1498.4569540023804,0,57,0
10,5,1,0.5416469573974609,4.001711130142212,1500.458219051361,0,58,3
10,5,1,0.6305971145629883,6.002633094787598,1502.4591400623322,0,58,1
10,5,1,0.5140781402587891,8.003790140151978,1504.4602980613708,0,57,4
10,5,1,0.5493528842926025,10.004647016525269,1506.4611549377441,0,58,7
10,5,1,0,10.004913091659546,1506.461420059204,Reward,0,0
10,25,1,0.5589630603790283,2.0001680850982666,1518.5175421237946,0,57,4
10,25,1,0.5812900066375732,4.0011961460113525,1520.518569946289,0,58,5
10,25,1,0.49039578437805176,6.002211093902588,1522.519583940506,0,57,4
10,25,1,0.5306000709533691,8.003284215927124,1524.5206570625305,0,57,2
10,25,1,0.9170989990234375,10.004544019699097,1526.521917104721,0,58,2
10,25,1,0,10.004815101623535,1526.5221869945526,Reward,0,0
10,25,1,0.6821551322937012,2.0012669563293457,1538.5782251358032,0,58,3
10,25,1,0.5545618534088135,4.002048969268799,1540.5790071487427,0,58,1
10,25,1,0.5817170143127441,6.003201007843018,1542.5801589488983,0,58,7
10,25,2,0.8650500774383545,8.00425100326538,1544.5812089443207,0,58,6
10,25,1,0.7222120761871338,10.005315065383911,1546.5822730064392,0,57,7
10,25,1,0,10.005578994750977,1546.582535982132,Reward,0,0
10,5,1,0.5379390716552734,2.0013539791107178,1558.6386499404907,0,57,4
10,5,1,0.5836169719696045,4.002929925918579,1560.6402261257172,0,58,0
10,5,1,0.5684020519256592,6.020241022109985,1562.65753698349,0,57,5
10,5,1,0.5435969829559326,8.004682064056396,1564.6419780254364,0,57,3
10,5,1,0.8479158878326416,10.00571894645691,1566.6430151462555,0,58,7
10,5,1,0,10.006017923355103,1566.6433131694794,Reward,0,0
10,10,1,0.5793108940124512,2.001281976699829,1578.6993839740753,0,57,5
10,10,1,0.5582211017608643,4.002318859100342,1580.7004210948944,0,57,6
10,10,1,0.49126291275024414,6.003360986709595,1582.701462984085,0,57,7
10,10,1,0.5766940116882324,8.004415035247803,1584.7025170326233,0,58,7
10,10,1,0.49944114685058594,10.005368947982788,1586.7034709453583,0,57,0
10,10,1,0,10.005620956420898,1586.703722000122,Reward,0,0
10,5,1,0.7724809646606445,2.0000720024108887,1598.7596781253815,0,58,0
10,5,1,0.5012900829315186,4.001126050949097,1600.7607309818268,0,57,7
10,5,1,0.6876339912414551,6.002403020858765,1602.7620069980621,0,58,5
10,5,1,0.5716629028320312,8.003462076187134,1604.7630670070648,0,58,7
10,5,1,0.6131160259246826,10.004513025283813,1606.7641179561615,0,58,4
10,5,1,0,10.004786968231201,1606.7643909454346,Reward,0,0
10,25,1,0.7445089817047119,2.000117063522339,1618.8202600479126,0,58,4
10,25,1,0.53448486328125,4.001107931137085,1620.821251153946,0,57,7
10,25,1,0.5245161056518555,6.002218961715698,1622.822361946106,0,57,5
10,25,1,0.5481328964233398,8.003273010253906,1624.8234159946442,0,58,4
10,25,1,0.6979179382324219,10.004348993301392,1626.8244919776917,0,58,2
10,25,1,0,10.004615068435669,1626.8247570991516,Reward,0,0
10,10,1,0.5662868022918701,2.0172598361968994,1638.8977241516113,0,59,7
10,10,2,0.5480170249938965,4.001443862915039,1640.881907939911,0,57,6
10,10,1,0.6128520965576172,6.002424955368042,1642.882889032364,0,57,4
10,10,1,0.7813889980316162,8.003479957580566,1644.883943080902,0,58,7
10,10,1,0.465656042098999,10.0045747756958,1646.8850400447845,0,57,6
10,10,1,0,10.004839897155762,1646.8853030204773,Reward,0,0
10,10,1,0.6099059581756592,2.000563859939575,1658.941656112671,0,58,7
10,10,2,0.6806988716125488,4.001645803451538,1660.9427371025085,0,58,3
10,10,1,0.5946002006530762,6.002635955810547,1662.943727016449,0,57,5
10,10,2,0.5652389526367188,8.003654956817627,1664.944746017456,0,58,2
10,10,2,0,8.003918886184692,1664.9450089931488,Forced travel,0,0
10,5,1,0.5719611644744873,2.0003299713134766,1674.9832401275635,0,57,4
10,5,1,0.8511919975280762,4.0014660358428955,1676.984375,0,58,6
10,5,1,0.5138468742370605,6.002536058425903,1678.9854459762573,0,57,0
10,5,1,0.6327500343322754,8.003665924072266,1680.9865770339966,0,58,2
10,5,1,0.4579899311065674,10.021356105804443,1683.0042660236359,0,57,6
10,5,1,0,10.021630048751831,1683.0045399665833,Reward,0,0
10,10,1,0.5266079902648926,2.000317096710205,1695.0605969429016,0,57,7
10,10,1,0.529533863067627,4.018039226531982,1697.078318119049,0,57,0
10,10,1,0.5380890369415283,6.002437114715576,1699.062716960907,0,56,1
10,10,1,0.6282639503479004,8.003444194793701,1701.063724040985,0,58,2
10,10,1,0.6144740581512451,10.004472017288208,1703.0647521018982,0,58,4
10,10,1,0,10.004723072052002,1703.065003156662,Reward,0,0
10,25,1,0.7745261192321777,2.0002458095550537,1715.1211380958557,0,57,0
10,25,1,0.7808220386505127,4.001298904418945,1717.122190952301,0,58,6
10,25,1,0.5153789520263672,6.0023558139801025,1719.1232481002808,0,57,2
10,25,1,0.5987401008605957,8.003403902053833,1721.124295949936,0,58,5
10,25,1,0.46801304817199707,10.004474878311157,1723.1253671646118,0,57,5
10,25,1,0,10.00475001335144,1723.1256411075592,Reward,0,0
14,10,1,0.6280879974365234,2.0007901191711426,1740.2176530361176,0,57,0
14,10,1,0.46501588821411133,4.001910924911499,1742.2187740802765,0,58,6
14,10,1,0.6189930438995361,6.002961158752441,1744.2198240756989,0,58,0
14,10,1,0.5031049251556396,8.003796100616455,1746.2206590175629,0,58,3
14,10,1,0.565418004989624,10.004899024963379,1748.2217619419098,0,58,0
14,10,1,0.4784259796142578,12.005905151367188,1750.2227680683136,0,57,6
14,10,1,0.44843506813049316,14.00697112083435,1752.2238340377808,0,58,0
14,10,1,0,14.007236957550049,1752.2240991592407,Reward,0,0
14,25,2,0.6155838966369629,2.017343044281006,1760.2949759960175,0,59,2
14,25,1,0.8480520248413086,4.001457929611206,1762.2790911197662,0,57,3
14,25,1,0.6369130611419678,6.0033159255981445,1764.2809481620789,0,58,0
14,25,1,0.715022087097168,8.003784894943237,1766.2814180850983,0,58,2
14,25,1,0.4491589069366455,10.004839897155762,1768.2824730873108,0,57,6
14,25,1,0.6764960289001465,12.005731105804443,1770.283364057541,0,58,3
14,25,1,0.5378520488739014,13.990297079086304,1772.2679300308228,0,56,0
14,25,1,0,13.990570068359375,1772.2682020664215,Reward,0,0
14,5,2,0.8844330310821533,2.000903844833374,1780.3218121528625,0,58,1
14,5,1,0.5199990272521973,4.002054929733276,1782.3229629993439,0,57,5
14,5,1,0.5375008583068848,6.003074884414673,1784.3239829540253,0,57,3
14,5,1,0.6984760761260986,8.004196882247925,1786.3251049518585,0,58,4
14,5,1,0.5170331001281738,10.005198001861572,1788.3261070251465,0,57,1
14,5,1,0.44222307205200195,12.006265878677368,1790.3271729946136,0,57,1
14,5,1,0.4430358409881592,13.990846872329712,1792.3117549419403,0,56,6
14,5,1,0,13.991118907928467,1792.3120260238647,Reward,0,0
14,5,1,0.5921099185943604,2.0013089179992676,1800.3659801483154,0,57,4
14,5,1,0.5638878345489502,4.002238035202026,1802.3669090270996,0,58,7
14,5,1,0.5690140724182129,6.003282070159912,1804.3679540157318,0,57,5
14,5,1,0.5582180023193359,8.004345893859863,1806.369017124176,0,57,3
14,5,1,0.5164411067962646,10.005351066589355,1808.370022058487,0,57,6
14,5,1,0.5225479602813721,12.006412029266357,1810.371083021164,0,57,0
14,5,1,0.4502899646759033,13.99104905128479,1812.3557200431824,0,56,4
14,5,1,0,13.991318941116333,1812.3559889793396,Reward,0,0
14,10,1,0.6323349475860596,2.016953945159912,1820.42636013031,0,59,1
14,10,1,0.4794478416442871,4.001496076583862,1822.4109020233154,0,56,0
14,10,1,0.5491139888763428,6.0022430419921875,1824.4116480350494,0,58,0
14,10,1,0.4671921730041504,8.00334095954895,1826.4127459526062,0,57,1
14,10,1,0.495074987411499,10.00468897819519,1828.4140951633453,0,58,4
14,10,1,0.44008612632751465,12.00573992729187,1830.4151470661163,0,57,6
14,10,1,0.4490339756011963,13.989941120147705,1832.3993470668793,0,56,1
14,10,1,0,13.99020791053772,1832.3996140956879,Reward,0,0
14,25,2,0.7996459007263184,2.001267194747925,1840.453505039215,0,58,3
14,25,1,0.6648688316345215,4.002354145050049,1842.4545919895172,0,57,7
14,25,1,0.6482100486755371,6.003403186798096,1844.4556410312653,0,58,0
14,25,1,0.7398078441619873,8.004581212997437,1846.4568190574646,0,58,1
14,25,1,0.56461501121521,10.00574517250061,1848.4579830169678,0,58,7
14,25,1,0.5021278858184814,11.989896059036255,1850.4421350955963,0,56,7
14,25,1,0.5277688503265381,13.99091911315918,1852.4431581497192,0,57,4
14,25,1,0,13.991189002990723,1852.4434261322021,Reward,0,0
14,5,1,0.7171101570129395,2.0012009143829346,1860.4974370002747,0,58,6
14,5,1,0.6411721706390381,4.0022478103637695,1862.4984850883484,0,57,5
14,5,1,0.664592981338501,6.003337860107422,1864.499575138092,0,58,0
14,5,1,0.6644861698150635,8.004396915435791,1866.5006351470947,0,58,1
14,5,1,0.5644869804382324,10.005409955978394,1868.5016469955444,0,58,4
14,5,1,0.981691837310791,12.006446838378906,1870.5026841163635,0,58,7
14,5,1,0.6418061256408691,14.007727861404419,1872.503965139389,0,58,2
14,5,1,0,14.007997989654541,1872.5042340755463,Reward,0,0
14,25,1,0.8101999759674072,2.000063896179199,1880.5581631660461,0,58,6
14,25,1,0.5162489414215088,4.000913858413696,1882.5590131282806,0,58,0
14,25,1,0.5314559936523438,6.001971006393433,1884.5600700378418,0,57,5
14,25,2,0.9984269142150879,8.00301194190979,1886.5611109733582,0,58,4
14,25,1,0.503931999206543,10.004086971282959,1888.5621860027313,0,57,1
14,25,1,0.6161658763885498,12.00536584854126,1890.5634651184082,0,58,2
14,25,1,0.7808358669281006,14.006422996520996,1892.5645220279694,0,58,5
14,25,1,0,14.006695032119751,1892.5647931098938,Reward,0,0
14,5,1,0.6224668025970459,2.001203775405884,1900.6186320781708,0,58,1
14,5,2,0.7156188488006592,4.002354860305786,1902.6197831630707,0,58,4
14,5,1,0.5733280181884766,6.020125865936279,1904.6375541687012,0,57,4
14,5,1,0.9146831035614014,8.00443696975708,1906.6218659877777,0,57,7
14,5,1,0.7143349647521973,10.005482912063599,1908.62291097641,0,58,6
14,5,1,0.5118038654327393,12.006659984588623,1910.6240870952606,0,58,0
14,5,1,0.5038940906524658,14.007637977600098,1912.6250660419464,0,56,3
14,5,1,0,14.008652925491333,1912.6260809898376,Reward,0,0
14,25,1,0.5769410133361816,2.001276969909668,1920.6792919635773,0,57,2
14,25,1,0.7193751335144043,4.002393960952759,1922.6804101467133,0,58,6
14,25,1,0.48255085945129395,6.0033440589904785,1924.681359052658,0,57,2
14,25,1,0.6502048969268799,8.004240989685059,1926.6822559833527,0,58,4
14,25,1,0.5810258388519287,10.005298852920532,1928.683315038681,0,58,1
14,25,1,0.5522310733795166,12.006495952606201,1930.6845109462738,0,58,1
14,25,1,0.5613880157470703,13.990659952163696,1932.6686749458313,0,56,6
14,25,1,0,13.990922927856445,1932.6689369678497,Reward,0,0
14,10,1,0.5570108890533447,2.0022590160369873,1940.723948955536,0,57,4
14,10,1,0.4635610580444336,4.002074956893921,1942.7237651348114,0,57,4
14,10,2,0.5985488891601562,6.003366947174072,1944.7250571250916,0,58,2
14,10,1,0.6482119560241699,8.00440001487732,1946.7260899543762,0,58,5
14,10,1,0.6988370418548584,10.005537986755371,1948.7272291183472,0,58,7
14,10,1,0.68076491355896,12.006542921066284,1950.7282321453094,0,58,4
14,10,2,0.5734341144561768,13.991153001785278,1952.712844133377,0,56,5
14,10,2,0,13.99141812324524,1952.7131071090698,Forced travel,0,0
14,10,1,0.8708949089050293,2.001012086868286,1958.7492890357971,0,58,6
14,10,1,0.5163669586181641,4.002113103866577,1960.7503900527954,0,57,3
14,10,1,0.5992538928985596,6.002902984619141,1962.751179933548,0,58,4
14,10,1,0.8786959648132324,8.00398302078247,1964.7522599697113,0,57,1
14,10,1,0.5815351009368896,10.005027055740356,1966.7533049583435,0,57,6
14,10,1,0.6979210376739502,12.00597095489502,1968.7542469501495,0,58,6
14,10,1,0.5986027717590332,14.007123947143555,1970.755401134491,0,58,4
14,10,1,0,14.007369995117188,1970.7556459903717,Reward,0,0
14,10,1,0.6500308513641357,2.0013511180877686,1978.8097009658813,0,57,2
14,10,1,0.9314279556274414,4.002381086349487,1980.810730934143,0,58,5
14,10,1,0.7809140682220459,6.003427028656006,1982.8117771148682,0,58,4
14,10,1,0.5191469192504883,8.004683017730713,1984.8130340576172,0,58,0
14,10,1,0.6026830673217773,10.005782127380371,1986.814131975174,0,58,2
14,10,2,0.8310670852661133,12.006896018981934,1988.815246105194,0,58,3
14,10,1,0.5583319664001465,13.991229057312012,1990.7995800971985,0,56,0
14,10,1,0,13.991506099700928,1990.7998549938202,Reward,0,0
14,25,1,0.6550979614257812,2.0013132095336914,1998.8537020683289,0,58,3
14,25,1,0.5768299102783203,4.002233028411865,2000.8546221256256,0,58,0
14,25,1,0.4606969356536865,6.003481149673462,2002.8558700084686,0,58,4
14,25,1,0.5645570755004883,8.004512071609497,2004.8568999767303,0,58,4
14,25,1,0.5523340702056885,10.005600214004517,2006.8579890727997,0,58,1
14,25,1,0.526526927947998,11.98997712135315,2008.8423659801483,0,56,2
14,25,1,0.6644508838653564,14.00765609741211,2010.8600449562073,0,59,1
14,25,1,0,14.007928133010864,2010.8603160381317,Reward,0,0
14,10,1,0.5157749652862549,2.000917911529541,2018.9143280982971,0,58,4
14,10,1,0.6047670841217041,4.001810073852539,2020.9152200222015,0,58,6
14,10,1,0.4846458435058594,6.002860069274902,2022.916270017624,0,57,6
14,10,1,0.6077070236206055,8.004142045974731,2024.9175519943237,0,58,2
14,10,1,0.5387270450592041,10.005126953125,2026.9185371398926,0,57,0
14,10,1,0.797853946685791,12.006133079528809,2028.9195430278778,0,58,7
14,10,1,0.480118989944458,13.990307092666626,2030.9037170410156,0,56,7
14,10,1,0,13.991332054138184,2030.9047410488129,Reward,0,0
14,25,1,0.6992630958557129,2.001444101333618,2038.95823097229,0,58,4
14,25,1,0.5959100723266602,4.002443075180054,2040.9592311382294,0,57,4
14,25,1,0.5728809833526611,6.003523111343384,2042.9603099822998,0,57,5
14,25,1,0.7972819805145264,8.00457215309143,2044.9613590240479,0,58,7
14,25,1,0.5816690921783447,10.005644083023071,2046.9624309539795,0,57,7
14,25,1,0.6252758502960205,11.989797115325928,2048.9465849399567,0,56,1
14,25,1,0.668677806854248,14.007776021957397,2050.9645640850067,0,59,6
14,25,1,0,14.00807809829712,2050.964864015579,Reward,0,0
14,5,1,0.832517147064209,2.001271963119507,2059.018751144409,0,57,5
14,5,1,0.5598940849304199,4.00235390663147,2061.019832134247,0,57,4
14,5,1,0.5142409801483154,6.003422975540161,2063.020900964737,0,58,5
14,5,1,0.5643699169158936,8.004438877105713,2065.021917104721,0,58,3
14,5,1,0.606165885925293,10.005290031433105,2067.02276802063,0,58,1
14,5,1,0.5646820068359375,12.006355047225952,2069.0238330364227,0,58,4
14,5,1,0.4980580806732178,13.990885972976685,2071.0083639621735,0,56,0
14,5,1,0,13.991160869598389,2071.0086381435394,Reward,0,0
14,5,1,0.5610649585723877,2.001037836074829,2079.07923913002,0,57,6
14,5,1,0.5639791488647461,4.001942873001099,2081.0801441669464,0,58,1
14,5,1,0.4485740661621094,6.003064870834351,2083.0812661647797,0,57,5
14,5,2,0.7813730239868164,8.004059791564941,2085.0822610855103,0,58,6
14,5,1,0.5961968898773193,10.006140947341919,2087.0843410491943,0,58,0
14,5,1,0.519780158996582,12.00620985031128,2089.0844111442566,0,56,2
14,5,1,0.5314898490905762,14.00731897354126,2091.085520029068,0,58,0
14,5,1,0,14.007574796676636,2091.0857751369476,Reward,0,0
14,25,1,0.6277389526367188,2.001168966293335,2099.1398141384125,0,58,5
14,25,1,0.4998209476470947,4.002061128616333,2101.1407051086426,0,58,4
14,25,1,0.5973849296569824,6.003072023391724,2103.1417169570923,0,58,1
14,25,2,0.6134140491485596,8.00416111946106,2105.1428060531616,0,58,1
14,25,1,0.4915339946746826,10.005249977111816,2107.143895149231,0,57,2
14,25,1,0.5651178359985352,12.006309986114502,2109.1449551582336,0,58,4
14,25,1,0.5335090160369873,14.007534980773926,2111.146180152893,0,58,7
14,25,1,0,14.008570909500122,2111.147215127945,Reward,0,0
14,10,1,0.5148100852966309,2.001303195953369,2119.2004940509796,0,57,0
14,10,1,0.5274491310119629,4.002324104309082,2121.2015149593353,0,58,3
14,10,1,0.5477259159088135,6.003316164016724,2123.202507019043,0,58,4
14,10,1,0.5171890258789062,8.004070043563843,2125.2032611370087,0,58,4
14,10,1,0.5492668151855469,10.005228996276855,2127.2044200897217,0,57,2
14,10,1,0.49765586853027344,12.006272077560425,2129.2054629325867,0,58,6
14,10,1,0.4456508159637451,13.99085807800293,2131.190048933029,0,56,5
14,10,1,0,13.991914987564087,2131.1911051273346,Reward,0,0
14,5,1,0.7663297653198242,2.0012669563293457,2139.244264125824,0,58,7
14,5,1,0.6285109519958496,4.0021140575408936,2141.2451100349426,0,58,2
14,5,1,0.5288090705871582,6.003421068191528,2143.2464170455933,0,58,3
14,5,1,0.5099039077758789,8.004453897476196,2145.2474501132965,0,57,5
14,5,1,0.6685891151428223,10.005506992340088,2147.248502969742,0,58,0
14,5,1,0.5639889240264893,12.006568908691406,2149.2495651245117,0,58,4
14,5,1,0.5642549991607666,14.007636070251465,2151.250632047653,0,58,3
14,5,1,0,14.007910013198853,2151.2509050369263,Reward,0,0
2,25,1,0.5327210426330566,2.0005431175231934,2164.340800046921,0,57,5
2,25,1,0,2.001582145690918,2164.3418390750885,Reward,0,0
2,5,1,0.7985720634460449,2.001267910003662,2184.401381969452,0,58,1
2,5,1,0,2.001556873321533,2184.4016699790955,Reward,0,0
2,25,1,0.7490789890289307,2.0171899795532227,2204.478639125824,0,59,5
2,25,1,0,2.0174801349639893,2204.478928089142,Reward,0,0
2,10,1,0.7149968147277832,2.0167460441589355,2224.5556659698486,0,59,0
2,10,1,0,2.0178110599517822,2224.5567309856415,Reward,0,0
2,5,1,0.7213361263275146,2.001539945602417,2244.6164650917053,0,58,1
2,5,1,0,2.0018019676208496,2244.6167271137238,Reward,0,0
2,10,1,0.5817539691925049,2.001244068145752,2264.67698597908,0,57,0
2,10,1,0,2.0022470951080322,2264.677988052368,Reward,0,0
2,25,1,0.8005261421203613,2.0013139247894287,2284.7374999523163,0,58,0
2,25,1,0,2.0023038387298584,2284.738489151001,Reward,0,0
2,10,1,0.6661989688873291,2.0011940002441406,2304.798040151596,0,58,6
2,10,1,0,2.001481056213379,2304.7983260154724,Reward,0,0
2,25,1,0.6876509189605713,2.0009360313415527,2324.8585381507874,0,58,4
2,25,1,0,2.0012080669403076,2324.8588099479675,Reward,0,0
2,10,1,0.6334807872772217,2.0002059936523438,2344.935835123062,0,57,7
2,10,1,0,2.0012319087982178,2344.9368600845337,Reward,0,0
2,5,1,0.6281731128692627,2.000314950942993,2364.9964389801025,0,57,7
2,5,1,0,2.0005829334259033,2364.996706008911,Reward,0,0
2,5,2,0.7503979206085205,2.001244068145752,2385.0570039749146,0,58,1
2,5,2,0,2.0021989345550537,2385.0579590797424,Forced travel,0,0
2,5,1,0.7987439632415771,2.0167908668518066,2403.116490125656,0,59,5
2,5,1,0,2.0178699493408203,2403.1175689697266,Reward,0,0
2,25,2,1.0000879764556885,2.000494956970215,2423.1771121025085,0,57,5
2,25,2,0,2.00075101852417,2423.1773681640625,Forced travel,0,0
2,5,1,0.6402630805969238,2.001162052154541,2441.21985411644,0,57,1
2,5,1,0,2.001410961151123,2441.2201030254364,Reward,0,0
2,10,1,0.533257007598877,2.0012149810791016,2461.2804329395294,0,57,0
2,10,1,0,2.00219988822937,2461.281417131424,Reward,0,0
2,10,1,0.8170380592346191,2.0008909702301025,2481.3409910202026,0,58,1
2,10,1,0,2.0011839866638184,2481.3412840366364,Reward,0,0
2,25,1,0.6501519680023193,2.000006914138794,2501.4012961387634,0,58,7
2,25,1,0,2.0009889602661133,2501.402276992798,Reward,0,0
2,25,2,0.7658190727233887,2.0171658992767334,2521.478814125061,0,59,1
2,25,2,0,2.018228054046631,2521.4798760414124,Forced travel,0,0
2,25,1,0.555811882019043,2.0002989768981934,2539.521435022354,0,57,2
2,25,1,0,2.000560998916626,2539.5216960906982,Reward,0,0
2,10,1,0.7295479774475098,2.000516176223755,2559.582020998001,0,57,0
2,10,1,0,2.0007810592651367,2559.582283973694,Reward,0,0
