2,20,1,0.6260240077972412,1.9992341995239258,9.047553062438965,0,1,5
2,20,1,0,2.0015881061553955,9.04990816116333,Reward,0,0
2,20,1,0.6980810165405273,1.9989628791809082,29.1142361164093,0,1,6
2,20,1,0,1.9991819858551025,29.114453077316284,Reward,0,0
2,8,1,0.897165060043335,2.0165209770202637,49.181398153305054,0,2,2
2,8,1,0,2.0176150798797607,49.18249201774597,Reward,0,0
2,4,1,0.7575891017913818,1.9993560314178467,69.23151516914368,0,0,7
2,4,1,0,2.0007240772247314,69.23288106918335,Reward,0,0
2,8,1,0.6666951179504395,1.999150037765503,89.34843015670776,0,0,7
2,8,1,0,2.0002591609954834,89.34953808784485,Reward,0,0
2,4,1,0.6280641555786133,1.9985721111297607,109.39801907539368,0,0,1
2,4,1,0,1.999650001525879,109.39909601211548,Reward,0,0
2,20,1,0.6327731609344482,1.999298095703125,129.4486689567566,0,0,5
2,20,1,0,1.9995059967041016,129.44887614250183,Reward,0,0
2,4,1,0.5719521045684814,1.9993009567260742,149.49896502494812,0,1,7
2,4,1,0,2.0003669261932373,149.50003004074097,Reward,0,0
2,20,1,0.525460958480835,2.0000529289245605,169.54924416542053,0,1,4
2,20,1,0,2.0022590160369873,169.55144906044006,Reward,0,0
2,8,1,0.590425968170166,1.9994101524353027,189.59942603111267,0,0,0
2,8,1,0,1.9996731281280518,189.5996880531311,Reward,0,0
2,8,1,0.46904897689819336,1.9991211891174316,209.64959907531738,0,1,3
2,8,1,0,2.0002400875091553,209.6507170200348,Reward,0,0
2,4,2,0.9970800876617432,2.016016960144043,229.71674394607544,0,2,6
2,4,2,0,2.0182321071624756,229.71895909309387,Forced travel,0,0
2,8,1,0.5649359226226807,2.015843152999878,247.7667100429535,0,2,3
2,8,1,0,2.016045093536377,247.76691102981567,Reward,0,0
2,20,1,0.5582718849182129,1.9992179870605469,267.8169209957123,0,0,7
2,20,1,0,2.0002999305725098,267.81800293922424,Reward,0,0
2,4,1,0.8154079914093018,2.0157110691070557,287.8836410045624,0,2,2
2,4,1,0,2.015921115875244,287.88384914398193,Reward,0,0
2,8,1,0.46547603607177734,2.0162129402160645,307.95060300827026,0,2,3
2,8,1,0,2.0164239406585693,307.95081210136414,Reward,0,0
2,20,1,0.5375158786773682,1.9992761611938477,328.0008990764618,0,0,2
2,20,1,0,2.0003161430358887,328.0019381046295,Reward,0,0
2,4,1,0.5283491611480713,1.999263048171997,348.0511040687561,0,0,5
2,4,1,0,1.9994709491729736,348.05131101608276,Reward,0,0
2,20,1,0.7484691143035889,2.0160820484161377,368.1179530620575,0,2,5
2,20,1,0,2.0162899494171143,368.11816000938416,Reward,0,0
2,4,2,0.5145809650421143,2.0000269412994385,388.1681389808655,0,1,1
2,4,2,0,2.0011489391326904,388.1692600250244,Forced travel,0,0
2,20,1,0.5111751556396484,1.999464988708496,406.2016501426697,0,0,3
2,20,1,0,1.9997279644012451,406.2019121646881,Reward,0,0
14,4,0,0.45333385467529297,0.45673108100891113,430.8593850135803,0,1,2
14,4,0,0,0.45687103271484375,430.85952401161194,Quit,0,0
14,8,1,0.7823641300201416,2.016663074493408,436.9024701118469,0,2,1
14,8,1,0.514307975769043,4.016027212142944,438.90183305740356,0,2,2
14,8,1,0.43064403533935547,6.015775203704834,440.90158104896545,0,2,5
14,8,1,0.431427001953125,8.016033172607422,442.90183901786804,0,2,2
14,8,1,0.6632339954376221,10.016211032867432,444.90201807022095,0,2,3
14,8,1,0.7655899524688721,11.999604225158691,446.8854110240936,0,1,6
14,8,1,0.6050019264221191,13.99966812133789,448.8854739665985,0,0,7
14,8,1,0,13.999874114990234,448.88567900657654,Reward,0,0
14,20,1,0.5212838649749756,1.9996120929718018,456.9355659484863,0,0,1
14,20,2,0.8982498645782471,4.015947103500366,458.9519009590149,0,2,5
14,20,1,0.6737480163574219,5.9996020793914795,460.9355571269989,0,1,4
14,20,1,0.5746049880981445,7.9995810985565186,462.93553614616394,0,0,4
14,20,1,0.4976520538330078,9.999396085739136,464.93534994125366,0,1,3
14,20,2,0.6319878101348877,12.016305208206177,466.9522590637207,0,2,7
14,20,2,0,12.017618179321289,466.9535710811615,Forced travel,0,0
14,8,1,0.9174580574035645,1.9990770816802979,472.98530197143555,0,0,3
14,8,1,0.5308759212493896,3.9992120265960693,474.9854371547699,0,1,1
14,8,1,0.5860621929168701,5.999423027038574,476.9856491088867,0,1,6
14,8,1,0.555063009262085,7.999451160430908,478.98567605018616,0,1,1
14,8,1,0.5467638969421387,10.01623797416687,481.0024631023407,0,2,4
14,8,1,0.7786009311676025,11.999303102493286,482.98552799224854,0,0,3
14,8,1,0.881065845489502,14.016240119934082,485.00246500968933,0,2,7
14,8,1,0,14.016499996185303,485.0027241706848,Reward,0,0
14,20,1,0.7648990154266357,2.016481876373291,493.06955909729004,0,2,1
14,20,1,0.49937009811401367,3.9994819164276123,495.05255913734436,0,0,4
14,20,1,0.5286810398101807,5.999322891235352,497.0524001121521,0,1,4
14,20,1,0.5320141315460205,7.999335050582886,499.05241203308105,0,1,1
14,20,1,0.7974450588226318,10.015899896621704,501.06897711753845,0,2,6
14,20,1,0.6470179557800293,11.999397039413452,503.0524740219116,0,0,6
14,20,1,0.553577184677124,13.999568939208984,505.05264711380005,0,1,6
14,20,1,0,13.99983286857605,505.0529091358185,Reward,0,0
14,4,0,0.3315889835357666,0.33603596687316895,511.439435005188,0,1,4
14,4,0,0,0.33618593215942383,511.4395840167999,Quit,0,0
14,8,1,0.4752662181854248,1.9994969367980957,517.4695291519165,0,1,4
14,8,1,0.5311288833618164,3.998849868774414,519.4688820838928,0,0,2
14,8,1,0.5987350940704346,5.999279975891113,521.4693119525909,0,1,6
14,8,1,0.4201319217681885,7.999403953552246,523.4694361686707,0,1,7
14,8,1,0.42633700370788574,9.999463081359863,525.469496011734,0,1,1
14,8,1,0.8649868965148926,12.015573024749756,527.4856040477753,0,2,3
14,8,1,0.5648140907287598,13.999511957168579,529.4695451259613,0,0,3
14,8,1,0,14.000597953796387,529.4706301689148,Reward,0,0
14,20,1,0.5403530597686768,1.9990150928497314,537.5194540023804,0,1,3
14,20,1,0.511650800704956,3.9992029666900635,539.5196430683136,0,1,0
14,20,1,0.48815202713012695,5.999222040176392,541.5196621417999,0,1,2
14,20,1,0.47258901596069336,7.999042987823486,543.5194821357727,0,1,2
14,20,1,0.6062178611755371,9.99929404258728,545.5197329521179,0,0,5
14,20,1,0.781440019607544,12.0159170627594,547.5363550186157,0,2,7
14,20,1,0.6146328449249268,14.015768051147461,549.5362060070038,0,2,3
14,20,1,0,14.01597809791565,549.536416053772,Reward,0,0
14,20,1,0.6416089534759521,1.9996719360351562,557.5865941047668,0,0,4
14,20,1,0.5398879051208496,3.999696969985962,559.5866191387177,0,0,5
14,20,1,0.488955020904541,5.999719142913818,561.5866410732269,0,1,1
14,20,1,0.5530080795288086,7.999732971191406,563.5866560935974,0,0,3
14,20,1,0.9646570682525635,10.016415119171143,565.6033370494843,0,2,7
14,20,1,0.4993569850921631,11.999665975570679,567.5865890979767,0,0,3
14,20,1,0.4730260372161865,13.99970293045044,569.5866260528564,0,1,3
14,20,1,0,13.999966144561768,569.5868871212006,Reward,0,0
14,8,1,0.782120943069458,2.015897035598755,577.6534850597382,0,2,0
14,8,1,0.5249900817871094,3.9992809295654297,579.6368689537048,0,0,2
14,8,2,0.89805006980896,6.015897989273071,581.6534869670868,0,2,1
14,8,1,0.5858631134033203,7.999416828155518,583.6370050907135,0,1,6
14,8,1,0.5932998657226562,9.99869990348816,585.6362881660461,0,0,7
14,8,2,0.9962270259857178,12.015909910202026,587.6534991264343,0,2,3
14,8,2,0,12.016165018081665,587.6537520885468,Forced travel,0,0
14,4,0,0.29915499687194824,0.30098414421081543,591.988753080368,0,2,5
14,4,0,0,0.3020200729370117,591.9897890090942,Quit,0,0
14,4,0,1.567152976989746,1.5671930313110352,597.5886330604553,0,2,7
14,4,0,0,1.5685060024261475,597.5899460315704,Quit,0,0
14,8,1,0.49120402336120605,1.999302864074707,603.6204481124878,0,0,2
14,8,1,0.7967069149017334,4.0159008502960205,605.6370470523834,0,2,0
14,8,1,0.5621609687805176,5.999047040939331,607.6201920509338,0,0,6
14,8,1,0.44104909896850586,7.999057054519653,609.6202020645142,0,1,3
14,8,1,0.4852478504180908,9.999300956726074,611.6204459667206,0,0,6
14,8,1,0.747340202331543,12.015755891799927,613.636901140213,0,2,6
14,8,1,0.713925838470459,13.99931788444519,615.6204640865326,0,0,2
14,8,1,0,13.999582052230835,615.620726108551,Reward,0,0
14,20,1,0.5491650104522705,1.998957872390747,623.6702721118927,0,0,7
14,20,1,0.7471139430999756,4.015991926193237,625.6873061656952,0,2,6
14,20,1,0.5257549285888672,5.999067068099976,627.6703810691833,0,0,2
14,20,1,0.5484139919281006,7.9993979930877686,629.6707119941711,0,0,3
14,20,1,0.384552001953125,9.999299049377441,631.6706130504608,0,1,3
14,20,1,0.6641488075256348,12.016010046005249,633.6873250007629,0,2,6
14,20,1,0.5469958782196045,13.999391078948975,635.6707060337067,0,1,2
14,20,1,0,13.999652862548828,635.6709661483765,Reward,0,0
14,4,0,0.24901890754699707,0.25090694427490234,641.9722859859467,0,2,4
14,4,0,0,0.2511019706726074,641.9724810123444,Quit,0,0
14,20,1,0.644035816192627,1.999182939529419,648.0041010379791,0,1,6
14,20,2,0.7636580467224121,4.015938997268677,650.0208561420441,0,2,3
14,20,1,0.646611213684082,6.015723943710327,652.0206410884857,0,2,6
14,20,1,0.5314009189605713,8.015995025634766,654.0209121704102,0,2,4
14,20,1,0.6123800277709961,9.999160051345825,656.0040769577026,0,0,3
14,20,1,0.6094889640808105,11.99934697151184,658.0042641162872,0,0,2
14,20,1,0.4805440902709961,13.999176979064941,660.004093170166,0,1,5
14,20,1,0,13.999385118484497,660.004301071167,Reward,0,0
14,4,0,0.3818509578704834,0.4015648365020752,666.4566731452942,0,0,2
14,4,0,0,0.401702880859375,666.4568099975586,Quit,0,0
14,8,1,0.7655298709869385,2.0164709091186523,672.5046701431274,0,2,5
14,8,2,0.9965429306030273,4.015320062637329,674.5035190582275,0,2,3
14,8,1,0.5316479206085205,6.016325950622559,676.5045239925385,0,2,7
14,8,1,0.44684910774230957,8.016355991363525,678.5045549869537,0,2,7
14,8,1,0.6983258724212646,10.016404867172241,680.504604101181,0,2,1
14,8,1,0.5948400497436523,11.999443054199219,682.4876420497894,0,0,4
14,8,1,0.46488118171691895,14.016407012939453,684.5046060085297,0,2,7
14,8,1,0,14.016613006591797,684.5048110485077,Reward,0,0
14,8,1,0.5171160697937012,1.9994451999664307,692.5546200275421,0,0,4
14,8,1,0.5073680877685547,3.9994311332702637,694.5546050071716,0,1,2
14,8,1,0.530663013458252,6.0162200927734375,696.5713939666748,0,2,3
14,8,1,0.5804429054260254,8.016277074813843,698.5714521408081,0,2,7
14,8,1,0.4515209197998047,9.999540090560913,700.5547139644623,0,1,3
14,8,1,0.5118429660797119,11.999343156814575,702.5545170307159,0,1,1
14,8,1,0.5068399906158447,13.99941611289978,704.5545899868011,0,0,6
14,8,1,0,13.999625205993652,704.5547981262207,Reward,0,0
14,8,0,0.41062498092651367,0.4306190013885498,711.0360741615295,0,0,2
14,8,0,0,0.4313640594482422,711.0368189811707,Quit,0,0
14,4,0,0.47824597358703613,0.49805593490600586,715.5703711509705,0,0,7
14,4,0,0,0.4982030391693115,715.5705180168152,Quit,0,0
14,20,1,0.6659388542175293,2.0168960094451904,721.6219191551208,0,2,2
14,20,1,0.4303929805755615,4.016395092010498,723.6214179992676,0,2,6
14,20,1,0.46317100524902344,5.9999260902404785,725.6049499511719,0,1,7
14,20,1,0.5311040878295898,8.016602039337158,727.6216261386871,0,2,7
14,20,1,0.3906710147857666,9.999994993209839,729.6050190925598,0,1,5
14,20,1,0.3806498050689697,11.999669075012207,731.6046919822693,0,1,4
14,20,1,0.47049808502197266,14.000030040740967,733.605052947998,0,0,6
14,20,1,0,14.000293016433716,733.6053140163422,Reward,0,0
14,20,1,0.43643999099731445,1.9994640350341797,741.655109167099,0,1,7
14,20,1,0.5578980445861816,3.9994959831237793,743.6551411151886,0,1,2
14,20,1,0.4472191333770752,5.999510049819946,745.6551549434662,0,1,3
14,20,1,0.4314079284667969,7.999313116073608,747.6549570560455,0,1,2
14,20,1,0.4259757995605469,9.999393939971924,749.6550381183624,0,0,6
14,20,1,0.7482919692993164,12.016227006912231,751.6718709468842,0,2,1
14,20,1,0.5366740226745605,13.999614000320435,753.6552591323853,0,1,2
14,20,1,0,13.999879121780396,753.655522108078,Reward,0,0
14,4,0,0.2783489227294922,0.28281712532043457,759.9886240959167,0,1,4
14,4,0,0,0.2829561233520508,759.9887630939484,Quit,0,0
14,8,0,0.23223495483398438,0.2518739700317383,764.2747700214386,0,0,1
14,8,0,0,0.2520148754119873,764.2749099731445,Quit,0,0
14,8,0,0.2601809501647949,0.2801041603088379,768.5865790843964,0,0,7
14,8,0,0,0.28025007247924805,768.5867249965668,Quit,0,0
14,20,1,0.6486361026763916,2.0166399478912354,774.6396009922028,0,2,2
14,20,1,0.6317911148071289,3.999168872833252,776.6221289634705,0,0,3
14,20,1,0.41185712814331055,5.99920392036438,778.6221661567688,0,1,0
14,20,1,0.5774450302124023,7.999287843704224,780.6222500801086,0,0,7
14,20,1,0.3883028030395508,9.99924898147583,782.6222109794617,0,1,1
14,20,1,0.6979379653930664,12.016004800796509,784.6389670372009,0,2,6
14,20,1,0.5612919330596924,13.999092817306519,786.6220541000366,0,0,6
14,20,1,0,14.000412940979004,786.6233730316162,Reward,0,0
14,4,0,1.351154088973999,1.3511950969696045,794.0243740081787,0,2,2
14,4,0,0,1.351391077041626,794.0245699882507,Quit,0,0
14,4,0,0.24828410148620605,0.25003600120544434,798.3066821098328,0,2,5
14,4,0,0,0.25023579597473145,798.3068821430206,Quit,0,0
14,20,1,0.5148570537567139,2.016355037689209,804.3559341430664,0,2,1
14,20,1,0.4483170509338379,3.999373197555542,806.3389520645142,0,0,1
14,20,1,0.4200398921966553,5.999564170837402,808.339143037796,0,1,2
14,20,1,0.547065019607544,7.999680042266846,810.339259147644,0,0,7
14,20,1,0.41412997245788574,9.999425172805786,812.3390040397644,0,1,1
14,20,1,0.598229169845581,12.016353130340576,814.3559310436249,0,2,3
14,20,1,0.6664478778839111,13.999466180801392,816.3390460014343,0,0,3
14,20,1,0,13.999674081802368,816.3392519950867,Reward,0,0
14,8,0,0.2659931182861328,0.267758846282959,822.6580021381378,0,2,0
14,8,0,0,0.2690708637237549,822.6593141555786,Quit,0,0
14,4,0,0.32624006271362305,0.3461909294128418,827.0363471508026,0,0,6
14,4,0,0,0.346343994140625,827.0364999771118,Quit,0,0
14,20,1,0.715120792388916,2.0162479877471924,833.0895869731903,0,2,2
14,20,1,0.9306831359863281,4.016124963760376,835.0894651412964,0,2,7
14,20,1,0.8465859889984131,6.016020059585571,837.089359998703,0,2,3
14,20,1,0.6407711505889893,7.999258995056152,839.0725979804993,0,1,6
14,20,1,0.5117909908294678,9.999304056167603,841.0726430416107,0,1,6
14,20,1,0.5319569110870361,11.999500036239624,843.0728390216827,0,0,3
14,20,1,0.4870719909667969,13.999446868896484,845.0727851390839,0,1,2
14,20,1,0,13.999649047851562,845.0729870796204,Reward,0,0
10,8,1,0.6148569583892822,2.015261173248291,859.5061390399933,0,2,7
10,8,1,0.7342960834503174,3.9988059997558594,861.4896850585938,0,0,6
10,8,1,0.5313370227813721,5.9988791942596436,863.489758014679,0,1,0
10,8,1,0.614699125289917,8.015341997146606,865.5062201023102,0,2,1
10,8,1,0.5387711524963379,9.998881101608276,867.4897601604462,0,1,5
10,8,1,0,9.999142169952393,867.4900190830231,Reward,0,0
10,4,0,0.24636292457580566,0.26791810989379883,877.8084230422974,0,0,2
10,4,0,0,0.2680540084838867,877.8085589408875,Quit,0,0
10,8,1,0.5526049137115479,1.9991660118103027,887.8399629592896,0,1,1
10,8,1,0.46283793449401855,3.999171018600464,889.8399691581726,0,1,1
10,8,1,0.7634861469268799,6.015705108642578,891.8565020561218,0,2,2
10,8,1,0.6651439666748047,8.015878915786743,893.8566761016846,0,2,0
10,8,1,0.6133420467376709,10.015970945358276,895.8567690849304,0,2,5
10,8,1,0,10.01623010635376,895.8570261001587,Reward,0,0
10,4,0,0.265610933303833,0.2675478458404541,906.1749999523163,0,2,3
10,4,0,0,0.2677428722381592,906.175194978714,Quit,0,0
10,20,1,0.5277731418609619,1.9993350505828857,916.206887960434,0,1,3
10,20,1,0.6805210113525391,4.016082048416138,918.2236349582672,0,2,2
10,20,1,0.5303599834442139,5.999204158782959,920.206757068634,0,0,6
10,20,1,0.4993479251861572,7.999482154846191,922.2070350646973,0,0,4
10,20,1,0.5574979782104492,9.99924898147583,924.2068021297455,0,1,3
10,20,1,0,9.99945616722107,924.2070081233978,Reward,0,0
10,20,1,0.5769078731536865,1.9992949962615967,936.257266998291,0,0,0
10,20,1,0.6979629993438721,4.015944004058838,938.2739169597626,0,2,3
10,20,1,0.4877350330352783,5.999039888381958,940.2570130825043,0,0,0
10,20,1,0.5293970108032227,7.9990479946136475,942.2570209503174,0,1,6
10,20,1,0.4011847972869873,9.999048948287964,944.2570221424103,0,1,7
10,20,1,0,9.999252080917358,944.2572240829468,Reward,0,0
10,4,0,0.23319292068481445,0.23703598976135254,954.5449390411377,0,1,2
10,4,0,0,0.23776602745056152,954.5456681251526,Quit,0,0
10,4,0,0.2656118869781494,0.2673828601837158,962.8425569534302,0,2,0
10,4,0,0,0.267596960067749,962.8427710533142,Quit,0,0
10,20,1,0.5185410976409912,1.9991610050201416,972.8742311000824,0,0,0
10,20,1,0.4668281078338623,3.999356985092163,974.8744270801544,0,0,0
10,20,1,0.5997090339660645,5.99896502494812,976.8740341663361,0,0,7
10,20,1,0.6649589538574219,8.015822172164917,978.8908920288086,0,2,4
10,20,1,0.4204270839691162,9.999289989471436,980.8743591308594,0,1,7
10,20,1,0,9.999497175216675,980.8745651245117,Reward,0,0
10,8,2,0.8643531799316406,2.0155789852142334,992.9408299922943,0,2,2
10,8,1,0.5047729015350342,3.999140977859497,994.9243929386139,0,0,1
10,8,1,0.5150790214538574,6.015951871871948,996.9412031173706,0,2,5
10,8,1,0.4482390880584717,8.01592206954956,998.9411730766296,0,2,4
10,8,1,0.4677121639251709,9.998887062072754,1000.9241380691528,0,1,0
10,8,1,0,9.999095916748047,1000.9243450164795,Reward,0,0
10,20,1,0.5508549213409424,1.999333143234253,1012.9746119976044,0,1,2
10,20,1,0.6077530384063721,3.999375104904175,1014.9746539592743,0,0,3
10,20,1,0.41565704345703125,5.99918007850647,1016.9744579792023,0,1,4
10,20,1,0.43129491806030273,7.999356985092163,1018.9746360778809,0,1,3
10,20,1,0.5304141044616699,10.016191959381104,1020.9914700984955,0,2,0
10,20,1,0,10.016399145126343,1020.9916760921478,Reward,0,0
10,8,1,0.5898268222808838,1.9993460178375244,1033.0415511131287,0,0,2
10,8,1,0.5271468162536621,3.999324083328247,1035.0415289402008,0,0,7
10,8,1,0.5482120513916016,6.015772104263306,1037.0579769611359,0,2,3
10,8,1,0.4798707962036133,7.999252080917358,1039.0414581298828,0,1,4
10,8,1,0.41110992431640625,9.999328136444092,1041.041533946991,0,1,5
10,8,1,0,9.999589204788208,1041.0417931079865,Reward,0,0
10,8,1,0.5818920135498047,2.0159249305725098,1053.1249811649323,0,2,7
10,8,1,0.7106320858001709,3.999053955078125,1055.108108997345,0,0,4
10,8,1,0.6016271114349365,5.998960971832275,1057.1080160140991,0,0,3
10,8,1,0.7652368545532227,8.01584792137146,1059.1249029636383,0,2,7
10,8,1,0.559704065322876,9.999202966690063,1061.108258008957,0,0,0
10,8,1,0,9.999413013458252,1061.108468055725,Reward,0,0
10,4,0,0.20464205741882324,0.2246110439300537,1071.3839910030365,0,0,6
10,4,0,0,0.22475600242614746,1071.3841359615326,Quit,0,0
10,20,1,0.5839188098907471,1.9992039203643799,1081.4253981113434,0,0,5
10,20,1,0.4134960174560547,3.9991910457611084,1083.4253849983215,0,0,2
10,20,1,0.5502948760986328,5.998960018157959,1085.4251539707184,0,1,1
10,20,1,0.6980111598968506,8.015871047973633,1087.442065000534,0,2,3
10,20,1,0.5393791198730469,9.999053001403809,1089.4252469539642,0,0,0
10,20,1,0,9.99926209449768,1089.4254550933838,Reward,0,0
10,20,1,0.5821409225463867,2.0158820152282715,1101.4920101165771,0,2,5
10,20,1,0.384533166885376,3.999469041824341,1103.4755971431732,0,1,4
10,20,1,0.5149641036987305,5.999263048171997,1105.475389957428,0,0,1
10,20,1,0.4294469356536865,7.9994590282440186,1107.4755859375,0,0,2
10,20,1,0.5672030448913574,9.999500036239624,1109.4756269454956,0,0,5
10,20,1,0,9.999710083007812,1109.4758360385895,Reward,0,0
10,8,1,0.6314568519592285,2.0160598754882812,1121.542384147644,0,2,7
10,8,1,0.4803469181060791,3.999375820159912,1123.5257000923157,0,0,0
10,8,1,0.9978630542755127,5.999228000640869,1125.525552034378,0,2,1
10,8,1,0.44468116760253906,7.999511957168579,1127.52583694458,0,0,7
10,8,1,0.386059045791626,9.999207973480225,1129.5255329608917,0,1,2
10,8,1,0,10.00029182434082,1129.5266151428223,Reward,0,0
10,4,0,0.2659938335418701,0.26888203620910645,1139.8456411361694,0,1,3
10,4,0,0,0.269014835357666,1139.845775127411,Quit,0,0
10,4,0,0.22587800025939941,0.23031902313232422,1148.1074759960175,0,1,1
10,4,0,0,0.23046612739562988,1148.1076231002808,Quit,0,0
10,20,1,0.5432069301605225,1.9995639324188232,1158.142853975296,0,0,3
10,20,1,0.46944713592529297,3.9994869232177734,1160.1427791118622,0,1,6
10,20,1,0.37931203842163086,5.999346017837524,1162.142637014389,0,1,6
10,20,1,0.5315179824829102,8.015989065170288,1164.1592791080475,0,2,1
10,20,1,0.4320030212402344,9.999616861343384,1166.1429090499878,0,1,6
10,20,1,0,10.000983953475952,1166.1442739963531,Reward,0,0
10,4,0,0.23265814781188965,0.234421968460083,1176.4281480312347,0,2,6
10,4,0,0,0.23461389541625977,1176.428339958191,Quit,0,0
10,8,1,0.5256590843200684,1.9991259574890137,1186.4595401287079,0,1,5
10,8,1,0.48884105682373047,3.9993319511413574,1188.4597470760345,0,0,6
10,8,1,0.5468881130218506,6.015766143798828,1190.4761800765991,0,2,7
10,8,1,0.4371531009674072,8.015892028808594,1192.476305961609,0,0,3
10,8,1,0.4832181930541992,9.99940299987793,1194.4598171710968,0,1,4
10,8,1,0,9.999666929244995,1194.4600789546967,Reward,0,0
10,20,2,0.9157979488372803,2.016042947769165,1206.52640914917,0,2,3
10,20,1,0.4770669937133789,3.9996719360351562,1208.510038137436,0,0,2
10,20,1,0.42310595512390137,5.999722957611084,1210.5100891590118,0,0,4
10,20,1,0.5308010578155518,8.016096115112305,1212.5264620780945,0,2,7
10,20,1,0.5615761280059814,9.999489068984985,1214.5098550319672,0,1,2
10,20,1,0,9.999697923660278,1214.5100631713867,Reward,0,0
10,8,1,0.6509690284729004,1.9984359741210938,1226.6091120243073,0,1,5
10,8,1,0.4485788345336914,4.0162060260772705,1228.6268830299377,0,2,7
10,8,1,0.4752469062805176,5.999509811401367,1230.6101870536804,0,1,0
10,8,1,0.3532230854034424,7.999302864074707,1232.6099791526794,0,1,7
10,8,1,0.41510581970214844,10.01603102684021,1234.6267070770264,0,2,7
10,8,1,0,10.01623797416687,1234.6269130706787,Reward,0,0
10,8,1,0.5849020481109619,1.9991300106048584,1246.677008152008,0,0,5
10,8,1,0.48076391220092773,4.0157790184021,1248.6936581134796,0,2,4
10,8,1,0.8795638084411621,6.015884160995483,1250.6937630176544,0,2,2
10,8,1,0.43212890625,7.999197006225586,1252.677076101303,0,0,3
10,8,1,0.38128113746643066,9.999019145965576,1254.6768970489502,0,1,3
10,8,1,0,9.999226093292236,1254.6771030426025,Reward,0,0
10,8,1,0.48146700859069824,1.999079942703247,1266.726921081543,0,0,0
10,8,1,0.39354586601257324,3.9993810653686523,1268.7272231578827,0,1,7
10,8,1,0.4479050636291504,6.016179084777832,1270.7440209388733,0,2,0
10,8,1,0.42948079109191895,8.016172170639038,1272.7440140247345,0,2,2
10,8,1,0.4802079200744629,9.99957013130188,1274.727411031723,0,1,0
10,8,1,0,10.000883102416992,1274.7287240028381,Reward,0,0
0,0,0,99,0,1284.3248131275177,Break,0,0
2,20,1,0.4919271469116211,1.999511957168579,1378.8949811458588,0,1,4
2,20,1,0,2.0005900859832764,1378.8960590362549,Reward,0,0
2,4,1,0.4988999366760254,2.015929937362671,1398.9617331027985,0,2,2
2,4,1,0,2.0170509815216064,1398.9628529548645,Reward,0,0
2,4,1,0.431643009185791,1.9993867874145508,1419.01211810112,0,1,4
2,4,1,0,2.0007548332214355,1419.0134840011597,Reward,0,0
2,8,1,0.49670910835266113,1.9993720054626465,1439.0623490810394,0,0,7
2,8,1,0,2.00162410736084,1439.0645990371704,Reward,0,0
2,20,1,0.6905770301818848,1.9993579387664795,1459.1123111248016,0,1,1
2,20,1,0,2.0004138946533203,1459.1133649349213,Reward,0,0
2,8,1,0.5523819923400879,1.999626874923706,1479.1624851226807,0,1,6
2,8,1,0,1.9998340606689453,1479.162691116333,Reward,0,0
2,4,1,0.5026869773864746,1.9990301132202148,1499.2126860618591,0,1,4
2,4,1,0,1.9992411136627197,1499.2128961086273,Reward,0,0
2,8,1,0.5722250938415527,1.9995081424713135,1519.2630770206451,0,1,2
2,8,1,0,2.000627040863037,1519.2641940116882,Reward,0,0
2,8,1,0.6657390594482422,2.0160610675811768,1539.3299131393433,0,2,5
2,8,1,0,2.016324996948242,1539.3301751613617,Reward,0,0
2,4,1,0.44756102561950684,2.0158040523529053,1559.39692902565,0,2,3
2,4,1,0,2.0160129070281982,1559.3971371650696,Reward,0,0
2,20,1,0.533909797668457,1.9991629123687744,1579.4470281600952,0,1,7
2,20,1,0,2.0002388954162598,1579.4481029510498,Reward,0,0
2,20,1,0.49211692810058594,1.9994640350341797,1599.4972579479218,0,0,5
2,20,1,0,1.999725103378296,1599.4975180625916,Reward,0,0
2,4,1,0.48990893363952637,1.9994518756866455,1619.5475299358368,0,0,7
2,4,1,0,2.000502824783325,1619.5485801696777,Reward,0,0
2,20,1,0.5646820068359375,2.0155751705169678,1639.6141910552979,0,2,4
2,20,1,0,2.0177581310272217,1639.616374015808,Reward,0,0
2,20,1,0.4980928897857666,2.0160398483276367,1659.6812541484833,0,2,1
2,20,1,0,2.016335964202881,1659.6815481185913,Reward,0,0
2,4,1,0.8085999488830566,1.9992148876190186,1679.7314550876617,0,1,0
2,4,1,0,2.0002999305725098,1679.7325389385223,Reward,0,0
2,8,1,0.5814800262451172,2.0156421661376953,1699.7981610298157,0,2,1
2,8,1,0,2.016731023788452,1699.7992491722107,Reward,0,0
2,8,1,0.6375260353088379,1.9992461204528809,1719.8483650684357,0,1,2
2,8,1,0,1.9994561672210693,1719.8485751152039,Reward,0,0
2,8,1,0.5356869697570801,1.999398946762085,1739.8987081050873,0,1,0
2,8,1,0,2.00046706199646,1739.8997740745544,Reward,0,0
2,20,1,0.5192661285400391,1.999129056930542,1759.9488770961761,0,1,0
2,20,1,0,2.000242233276367,1759.9499881267548,Reward,0,0
2,4,1,0.5193359851837158,1.9994251728057861,1779.9991149902344,0,0,1
2,4,1,0,1.9996821880340576,1779.999370098114,Reward,0,0
14,20,1,0.5447940826416016,1.9988930225372314,1807.4658920764923,0,1,1
14,20,1,0.44826602935791016,4.015368938446045,1809.4823679924011,0,2,5
14,20,1,0.4178299903869629,5.998909950256348,1811.4659090042114,0,0,6
14,20,1,0.4305880069732666,8.01549482345581,1813.4824941158295,0,2,3
14,20,1,0.46454310417175293,9.998931884765625,1815.4659309387207,0,0,0
14,20,1,0.3710060119628906,11.99919581413269,1817.4661951065063,0,0,6
14,20,1,0.46431803703308105,14.015832901000977,1819.482833147049,0,2,3
14,20,1,0,14.016904830932617,1819.483903169632,Reward,0,0
14,20,1,0.8468830585479736,2.0152649879455566,1827.5490880012512,0,2,6
14,20,1,0.4835381507873535,3.999155044555664,1829.5329790115356,0,0,3
14,20,1,0.5414309501647949,5.998477935791016,1831.5323009490967,0,0,4
14,20,1,0.5651791095733643,8.015514850616455,1833.5493381023407,0,2,2
14,20,1,0.5023279190063477,9.999167919158936,1835.5329921245575,0,0,3
14,20,1,0.4139440059661865,12.015822887420654,1837.5496470928192,0,2,7
14,20,1,0.5042788982391357,14.015910863876343,1839.5497341156006,0,0,7
14,20,1,0,14.016120910644531,1839.5499429702759,Reward,0,0
14,4,0,0.3191812038421631,0.32462000846862793,1845.924735069275,0,1,6
14,4,0,0,0.3247559070587158,1845.924870967865,Quit,0,0
14,8,0,0.4010739326477051,0.42141008377075195,1850.3720951080322,0,0,3
14,8,0,0,0.4221310615539551,1850.3728170394897,Quit,0,0
14,8,0,0.29735684394836426,0.2991518974304199,1854.699879169464,0,2,1
14,8,0,0,0.30051493644714355,1854.7012419700623,Quit,0,0
14,4,0,0.2912180423736572,0.3111531734466553,1859.0450870990753,0,0,7
14,4,0,0,0.3112921714782715,1859.0452251434326,Quit,0,0
14,8,0,0.2582828998565674,0.2630119323730469,1863.3472480773926,0,1,1
14,8,0,0,0.2631559371948242,1863.3473930358887,Quit,0,0
14,20,1,0.4980299472808838,2.015394926071167,1869.3995699882507,0,2,0
14,20,1,0.4664180278778076,3.9990358352661133,1871.3832120895386,0,1,7
14,20,1,0.5140151977539062,6.015679836273193,1873.39985704422,0,2,6
14,20,1,0.5982141494750977,8.015681982040405,1875.3998579978943,0,2,7
14,20,1,0.43409299850463867,9.999345064163208,1877.383521080017,0,1,6
14,20,1,0.547914981842041,11.999336957931519,1879.3835129737854,0,0,0
14,20,1,0.4230020046234131,13.999382019042969,1881.3835580348969,0,0,7
14,20,1,0,13.999591827392578,1881.3837671279907,Reward,0,0
14,20,1,0.4818000793457031,2.016439914703369,1889.4502880573273,0,2,6
14,20,1,0.3810861110687256,3.999782085418701,1891.4336290359497,0,1,7
14,20,1,0.3585190773010254,5.999752998352051,1893.433601140976,0,1,3
14,20,1,0.5095779895782471,7.999804973602295,1895.4336521625519,0,0,5
14,20,2,0.6318380832672119,10.016268014907837,1897.4501149654388,0,2,2
14,20,1,0.764150857925415,12.016562938690186,1899.4504101276398,0,2,1
14,20,1,0.7210400104522705,13.999869108200073,1901.4337170124054,0,0,5
14,20,1,0,14.000130891799927,1901.4339759349823,Reward,0,0
14,8,0,0.2656278610229492,0.2673931121826172,1907.7519841194153,0,2,7
14,8,0,0,0.26758909225463867,1907.7521800994873,Quit,0,0
14,4,0,0.49939584732055664,0.5012950897216797,1912.285593032837,0,2,1
14,4,0,0,0.5023410320281982,1912.2866401672363,Quit,0,0
14,4,0,0.26904892921447754,0.28894901275634766,1916.6072499752045,0,0,2
14,4,0,0,0.28908395767211914,1916.6073851585388,Quit,0,0
14,4,0,0.405717134475708,0.4102671146392822,1921.0449380874634,0,1,1
14,4,0,0,0.41040802001953125,1921.0450789928436,Quit,0,0
14,4,0,0.22138404846191406,0.24155688285827637,1925.3264989852905,0,0,4
14,4,0,0,0.24169397354125977,1925.3266360759735,Quit,0,0
14,20,1,0.4520571231842041,1.999013900756836,1931.3671641349792,0,1,7
14,20,1,0.46466493606567383,4.015841960906982,1933.3839931488037,0,2,4
14,20,1,0.5983428955078125,6.015417098999023,1935.3835680484772,0,2,0
14,20,1,0.4820230007171631,8.015119075775146,1937.3832700252533,0,2,4
14,20,1,0.5651261806488037,10.01558804512024,1939.3837389945984,0,2,0
14,20,1,0.5236830711364746,11.999243021011353,1941.3673939704895,0,1,3
14,20,1,0.5382571220397949,13.999393939971924,1943.3675451278687,0,1,6
14,20,1,0,14.000704050064087,1943.368854045868,Reward,0,0
14,8,1,0.5471110343933105,1.9991750717163086,1951.4173409938812,0,1,3
14,8,1,0.4990370273590088,3.999207019805908,1953.4173729419708,0,1,0
14,8,1,0.5645198822021484,6.016240119934082,1955.4344050884247,0,2,3
14,8,1,0.4817371368408203,7.9994800090789795,1957.4176471233368,0,1,1
14,8,1,0.42192602157592773,9.99946904182434,1959.4176349639893,0,0,2
14,8,1,0.45911478996276855,11.999467134475708,1961.417634010315,0,0,3
14,8,1,0.5078349113464355,13.999526977539062,1963.4176940917969,0,0,7
14,8,1,0,13.999789953231812,1963.417955160141,Reward,0,0
14,20,1,0.4418461322784424,1.9993340969085693,1971.4679019451141,0,0,3
14,20,1,0.3942141532897949,3.9992101192474365,1973.467779159546,0,0,3
14,20,1,0.4343881607055664,5.999118089675903,1975.4676859378815,0,0,5
14,20,1,0.5982258319854736,8.015891075134277,1977.4844601154327,0,2,0
14,20,1,0.49342894554138184,9.999240159988403,1979.467808008194,0,0,6
14,20,1,0.4865438938140869,11.999115228652954,1981.4676830768585,0,0,2
14,20,2,0.9960308074951172,14.0159912109375,1983.484559059143,0,2,2
14,20,1,0,14.016202211380005,1983.4847691059113,Reward,0,0
14,8,0,0.0324709415435791,0.03436279296875,1989.569759130478,0,2,4
14,8,0,0,0.034559011459350586,1989.56995511055,Quit,0,0
14,4,0,0.4985392093658447,0.5003061294555664,1994.1024570465088,0,2,5
14,4,0,0,0.5016419887542725,1994.103793144226,Quit,0,0
14,20,1,0.5052721500396729,1.9986591339111328,2000.134181022644,0,0,4
14,20,2,0.8311049938201904,4.0155930519104,2002.1511149406433,0,2,4
14,20,1,0.5653741359710693,6.0159220695495605,2004.1514451503754,0,2,0
14,20,1,0.3619229793548584,7.9991090297698975,2006.1346311569214,0,1,5
14,20,1,0.3734281063079834,9.999313116073608,2008.1348359584808,0,1,3
14,20,1,0.6198079586029053,11.999408960342407,2010.134931087494,0,0,1
14,20,1,0.41254401206970215,13.999042987823486,2012.134565114975,0,0,1
14,20,1,0,13.999250173568726,2012.1347711086273,Reward,0,0
14,20,1,0.4477081298828125,1.999155044555664,2020.1849210262299,0,1,7
14,20,1,0.4016129970550537,3.9990429878234863,2022.1848089694977,0,1,5
14,20,1,0.3834078311920166,5.999083042144775,2024.184849023819,0,1,3
14,20,1,0.45867300033569336,7.99934196472168,2026.1851079463959,0,0,6
14,20,1,0.36081981658935547,9.999237060546875,2028.1850020885468,0,0,4
14,20,1,0.5979351997375488,12.015939950942993,2030.20170712471,0,2,0
14,20,1,0.5135359764099121,14.015975952148438,2032.2017431259155,0,2,6
14,20,1,0,14.017338037490845,2032.2031030654907,Reward,0,0
14,8,0,0.3703799247741699,0.3757479190826416,2038.628347158432,0,1,7
14,8,0,0,0.375885009765625,2038.6284840106964,Quit,0,0
14,4,0,0.3806889057159424,0.38249993324279785,2043.051833152771,0,2,2
14,4,0,0,0.38269710540771484,2043.0520300865173,Quit,0,0
14,8,0,0.3824491500854492,0.38425493240356445,2047.4702520370483,0,2,7
14,8,0,0,0.38445091247558594,2047.4704480171204,Quit,0,0
14,4,0,0.28258609771728516,0.28452610969543457,2051.7871000766754,0,2,0
14,4,0,0,0.2847249507904053,2051.787299156189,Quit,0,0
14,20,1,0.6205010414123535,1.9991459846496582,2057.818505048752,0,1,0
14,20,1,0.37711596488952637,3.9993209838867188,2059.818681001663,0,1,5
14,20,1,0.6467409133911133,6.016039848327637,2061.8354001045227,0,2,0
14,20,1,0.49680209159851074,7.999446868896484,2063.8188049793243,0,1,2
14,20,1,0.537729024887085,9.999069929122925,2065.818428993225,0,0,3
14,20,1,0.43181681632995605,12.015906810760498,2067.8352661132812,0,2,6
14,20,1,0.44466400146484375,13.999391794204712,2069.8187510967255,0,0,0
14,20,1,0,13.999650955200195,2069.819009065628,Reward,0,0
14,20,2,0.5486178398132324,2.015950918197632,2077.885633945465,0,2,3
14,20,1,0.4531102180480957,3.9991869926452637,2079.868870973587,0,0,6
14,20,1,0.43543291091918945,5.999195098876953,2081.868880033493,0,1,0
14,20,1,0.44380712509155273,7.999366044998169,2083.86905002594,0,0,5
14,20,1,0.4971280097961426,9.999258041381836,2085.868942975998,0,0,2
14,20,1,0.5899851322174072,11.99925708770752,2087.8689410686493,0,1,1
14,20,1,0.5186779499053955,13.999083042144775,2089.8687670230865,0,1,6
14,20,1,0,14.001266956329346,2089.870949983597,Reward,0,0
14,8,0,0.26672792434692383,0.26852917671203613,2096.204008102417,0,2,0
14,8,0,0,0.268726110458374,2096.2042050361633,Quit,0,0
14,4,0,0.2696499824523926,0.2896459102630615,2100.526221036911,0,0,0
14,4,0,0,0.28978586196899414,2100.5263619422913,Quit,0,0
14,8,0,0.20586895942687988,0.21028995513916016,2104.763656139374,0,1,4
14,8,0,0,0.21042704582214355,2104.763792991638,Quit,0,0
14,4,0,0.23057317733764648,0.23234319686889648,2109.035761117935,0,2,1
14,4,0,0,0.23258614540100098,2109.0360040664673,Quit,0,0
14,8,0,0.14526605606079102,0.14909100532531738,2113.2192001342773,0,1,2
14,8,0,0,0.15034723281860352,2113.2204551696777,Quit,0,0
14,20,1,0.49004077911376953,1.9992499351501465,2119.2526569366455,0,1,3
14,20,1,0.5293581485748291,4.015923976898193,2121.2693309783936,0,2,3
14,20,1,0.45845913887023926,5.999251842498779,2123.2526590824127,0,0,4
14,20,1,0.44099903106689453,7.999302864074707,2125.252711057663,0,0,6
14,20,1,0.525568962097168,9.999279022216797,2127.2526869773865,0,1,6
14,20,1,0.39253997802734375,11.999403953552246,2129.2528109550476,0,0,4
14,20,1,0.5516290664672852,13.998618841171265,2131.252026081085,0,0,5
14,20,1,0,13.998828887939453,2131.252233982086,Reward,0,0
14,20,1,0.5321171283721924,2.0158891677856445,2139.319503068924,0,2,6
14,20,1,0.47567296028137207,3.999066114425659,2141.302680015564,0,1,4
14,20,1,0.6310648918151855,6.015771150588989,2143.3193850517273,0,2,6
14,20,1,0.4479501247406006,8.015923976898193,2145.3195390701294,0,2,4
14,20,1,0.44263410568237305,9.999032974243164,2147.3026471138,0,0,2
14,20,1,0.41447997093200684,11.99940299987793,2149.303017139435,0,0,5
14,20,1,0.39755892753601074,13.99916410446167,2151.3027770519257,0,1,4
14,20,1,0,13.99937105178833,2151.3029839992523,Reward,0,0
14,4,0,0.3811790943145752,0.38646602630615234,2157.7401881217957,0,1,6
14,4,0,0,0.38660502433776855,2157.7403271198273,Quit,0,0
14,8,0,0.29743218421936035,0.29921913146972656,2162.069785118103,0,2,2
14,8,0,0,0.29947996139526367,2162.0700459480286,Quit,0,0
14,4,0,0.13237595558166504,0.13418889045715332,2166.238163948059,0,2,0
14,4,0,0,0.1343839168548584,2166.238358974457,Quit,0,0
14,20,1,0.480532169342041,2.0158798694610596,2172.2865891456604,0,2,1
14,20,1,0.4760301113128662,3.9989500045776367,2174.2696590423584,0,0,5
14,20,1,0.5052380561828613,5.998672008514404,2176.269382953644,0,1,0
14,20,1,0.3797121047973633,7.999006032943726,2178.2697150707245,0,1,3
14,20,1,0.40386199951171875,9.999239921569824,2180.2699501514435,0,0,5
14,20,1,0.40284109115600586,11.999243974685669,2182.2699539661407,0,1,7
14,20,1,0.3685779571533203,13.99917483329773,2184.2698850631714,0,1,7
14,20,1,0,14.000556945800781,2184.271265029907,Reward,0,0
14,4,0,0.26493406295776367,0.26671695709228516,2190.587656021118,0,2,1
14,4,0,0,0.26691389083862305,2190.5878529548645,Quit,0,0
14,8,1,0.49596714973449707,1.9990301132202148,2196.619858980179,0,0,1
14,8,1,0.5817480087280273,4.0157470703125,2198.636575937271,0,2,6
14,8,1,0.3626899719238281,5.999340057373047,2200.6201691627502,0,0,1
14,8,1,0.38767218589782715,7.999482154846191,2202.620311021805,0,0,7
14,8,1,0.6023528575897217,9.999433994293213,2204.6202640533447,0,1,0
14,8,1,0.6303179264068604,11.998836994171143,2206.6196660995483,0,0,5
14,8,1,0.5367329120635986,13.999263048171997,2208.6200909614563,0,1,3
14,8,1,0,13.999463081359863,2208.620290994644,Reward,0,0
14,20,1,0.5620110034942627,1.999342918395996,2216.670159101486,0,1,1
14,20,1,0.5160989761352539,3.9995150566101074,2218.670331954956,0,1,4
14,20,1,0.45343017578125,5.999391078948975,2220.6702070236206,0,0,2
14,20,1,0.36875295639038086,7.999565124511719,2222.6703820228577,0,1,4
14,20,1,0.4230690002441406,9.999685049057007,2224.6705009937286,0,1,7
14,20,1,0.4405050277709961,11.999342918395996,2226.670159101486,0,1,1
14,20,1,0.5181849002838135,13.999691009521484,2228.670506954193,0,0,2
14,20,1,0,14.00100302696228,2228.6718180179596,Reward,0,0
10,20,1,0.7510559558868408,1.9993059635162354,2243.637151002884,0,1,2
10,20,0,3.067922830581665,3.067957878112793,2244.705801963806,0,0,0
10,20,0,0,3.0681259632110596,2244.70596909523,Quit,0,0
10,8,1,0.5320219993591309,2.0155911445617676,2254.753844022751,0,2,4
10,8,1,0.40845417976379395,3.9991941452026367,2256.7374470233917,0,1,3
10,8,1,0.3642148971557617,5.998902082443237,2258.737154006958,0,1,7
10,8,1,0.5016920566558838,7.9990010261535645,2260.7372541427612,0,0,4
10,8,1,0.596919059753418,10.015686988830566,2262.7539401054382,0,2,3
10,8,1,0,10.015895128250122,2262.754147052765,Reward,0,0
10,4,0,0.3153359889984131,0.31714701652526855,2273.1219611167908,0,2,4
10,4,0,0,0.3182089328765869,2273.123023033142,Quit,0,0
10,8,1,0.512984037399292,1.999931812286377,2283.1543951034546,0,1,5
10,8,1,0.44841504096984863,4.016631841659546,2285.1710951328278,0,2,3
10,8,1,0.7472319602966309,6.016574859619141,2287.1710391044617,0,2,2
10,8,1,0.4817628860473633,8.016420841217041,2289.1708841323853,0,2,7
10,8,1,0.48865389823913574,9.999927997589111,2291.154392004013,0,1,0
10,8,1,0,10.000190019607544,2291.154652118683,Reward,0,0
10,20,1,0.516394853591919,1.99910306930542,2303.204519033432,0,1,1
10,20,1,0.44464612007141113,3.998957872390747,2305.2043731212616,0,0,2
10,20,1,0.5146980285644531,6.01575493812561,2307.2211689949036,0,2,4
10,20,1,0.5840179920196533,7.998955011367798,2309.2043690681458,0,0,0
10,20,1,0.4486429691314697,9.999248027801514,2311.204663038254,0,0,0
10,20,1,0,9.999507904052734,2311.2049219608307,Reward,0,0
10,4,0,0.627284049987793,0.6473360061645508,2321.9030129909515,0,0,6
10,4,0,0,0.6474730968475342,2321.9031500816345,Quit,0,0
10,4,0,0.1959240436553955,0.19922900199890137,2330.1381170749664,0,1,5
10,4,0,0,0.20003390312194824,2330.1389219760895,Quit,0,0
10,4,1,0.4477369785308838,2.0159049034118652,2340.188408136368,0,2,4
10,4,2,0.8479099273681641,4.015855073928833,2342.188358068466,0,2,0
10,4,1,0.5299901962280273,6.015658855438232,2344.188162088394,0,2,3
10,4,1,0.5160751342773438,7.99857497215271,2346.17107796669,0,1,1
10,4,1,0.5248961448669434,9.998570919036865,2348.171074151993,0,0,3
10,4,1,0,9.99878191947937,2348.1712839603424,Reward,0,0
10,8,1,0.4689061641693115,1.9995999336242676,2360.2220981121063,0,0,0
10,8,1,0.5214250087738037,3.999305009841919,2362.2218029499054,0,1,2
10,8,1,0.43314313888549805,5.999002933502197,2364.22150015831,0,0,4
10,8,1,0.3782470226287842,7.999211072921753,2366.221708059311,0,0,4
10,8,1,0.41434407234191895,9.999186992645264,2368.22168302536,0,1,4
10,8,1,0,9.999393939971924,2368.2218899726868,Reward,0,0
10,8,1,0.48033690452575684,2.015761137008667,2380.2886509895325,0,2,2
10,8,1,0.4474670886993408,3.9985320568084717,2382.271422147751,0,1,1
10,8,1,0.4486379623413086,6.015621185302734,2384.2885110378265,0,2,6
10,8,1,0.43153810501098633,8.015606164932251,2386.288496017456,0,2,1
10,8,1,0.6649689674377441,10.015874147415161,2388.288763999939,0,2,1
10,8,1,0,10.01724100112915,2388.290130138397,Reward,0,0
10,20,1,0.47218990325927734,1.999018907546997,2400.3386199474335,0,0,7
10,20,1,0.4065358638763428,3.999372959136963,2402.3389749526978,0,0,3
10,20,1,0.47436094284057617,5.999330997467041,2404.338932991028,0,1,6
10,20,1,0.42296695709228516,7.999356031417847,2406.3389570713043,0,1,6
10,20,1,0.41814494132995605,9.999182939529419,2408.338783979416,0,1,2
10,20,1,0,9.999390840530396,2408.338991165161,Reward,0,0
10,20,1,0.5650801658630371,2.015516996383667,2420.405483007431,0,2,7
10,20,1,0.5631918907165527,4.015902042388916,2422.4058690071106,0,2,3
10,20,1,0.5323598384857178,5.999148845672607,2424.3891141414642,0,1,0
10,20,1,0.5480301380157471,8.015846014022827,2426.40581202507,0,2,7
10,20,1,0.4458041191101074,9.999217987060547,2428.389184951782,0,0,4
10,20,1,0,9.999479055404663,2428.3894441127777,Reward,0,0
10,20,1,0.5154869556427002,2.0155420303344727,2440.455682992935,0,2,3
10,20,1,0.5305039882659912,3.999228000640869,2442.4393689632416,0,1,2
10,20,1,0.4691019058227539,5.999218940734863,2444.4393610954285,0,0,2
10,20,1,0.4494900703430176,7.998929023742676,2446.4390699863434,0,0,2
10,20,1,0.5408039093017578,9.9998140335083,2448.439954996109,0,0,3
10,20,1,0,10.00002408027649,2448.440164089203,Reward,0,0
10,4,0,0.32473278045654297,0.3447709083557129,2458.8348619937897,0,0,5
10,4,0,0,0.34660887718200684,2458.8366990089417,Quit,0,0
10,20,1,0.6662850379943848,1.9994428157806396,2468.872959136963,0,0,4
10,20,1,0.3874819278717041,3.999544858932495,2470.873062133789,0,0,6
10,20,1,0.597693920135498,6.015905857086182,2472.8894231319427,0,2,7
10,20,1,0.46058201789855957,7.999400854110718,2474.8729169368744,0,0,5
10,20,1,0.47917795181274414,9.999563932418823,2476.873080968857,0,0,1
10,20,1,0,9.999773025512695,2476.8732891082764,Reward,0,0
10,8,1,0.5237820148468018,1.9991259574890137,2488.9230971336365,0,1,5
10,8,1,0.4631950855255127,4.015953063964844,2490.9399230480194,0,2,7
10,8,1,0.4686100482940674,5.99935507774353,2492.923325061798,0,1,0
10,8,1,0.4569270610809326,7.999150037765503,2494.92312002182,0,0,0
10,8,1,0.4588050842285156,9.99926209449768,2496.9232330322266,0,1,1
10,8,1,0,9.99952507019043,2496.9234941005707,Reward,0,0
10,8,1,0.6652669906616211,2.0154969692230225,2508.9894919395447,0,2,3
10,8,1,0.67006516456604,3.9993839263916016,2510.9733810424805,0,0,2
10,8,1,0.453369140625,5.9994261264801025,2512.9734230041504,0,0,6
10,8,1,0.40654492378234863,7.999222993850708,2514.9732179641724,0,1,5
10,8,1,0.4059269428253174,9.999454975128174,2516.973452091217,0,0,6
10,8,1,0,9.999719142913818,2516.9737141132355,Reward,0,0
10,4,0,0.25445985794067383,0.2598748207092285,2527.2841589450836,0,1,6
10,4,0,0,0.2600078582763672,2527.284292936325,Quit,0,0
10,20,1,0.5238850116729736,1.9992129802703857,2537.323719024658,0,0,1
10,20,1,0.480072021484375,4.0157928466796875,2539.3403000831604,0,2,2
10,20,1,0.48024606704711914,6.015650987625122,2541.340157032013,0,2,1
10,20,1,0.38813185691833496,7.999293804168701,2543.323800086975,0,1,4
10,20,1,0.6981039047241211,10.015890836715698,2545.340396165848,0,2,3
10,20,1,0,10.01609992980957,2545.340605020523,Reward,0,0
10,8,1,0.446213960647583,1.998838186264038,2557.3901710510254,0,0,6
10,8,1,0.4802370071411133,4.0158371925354,2559.407171010971,0,2,0
10,8,2,0.4631619453430176,5.99904203414917,2561.390375137329,0,0,0
10,8,1,0.5470540523529053,7.999052047729492,2563.3903851509094,0,0,7
10,8,1,0.5429620742797852,9.999222040176392,2565.3905551433563,0,1,7
10,8,1,0,9.999428987503052,2565.3907611370087,Reward,0,0
10,4,0,0.2184741497039795,0.22419404983520508,2575.6657750606537,0,1,7
10,4,0,0,0.22491908073425293,2575.666501045227,Quit,0,0
10,8,1,0.5072569847106934,1.9992010593414307,2585.690629005432,0,1,1
10,8,1,0.5478651523590088,4.016142129898071,2587.7075700759888,0,2,1
10,8,1,0.6805219650268555,6.015929937362671,2589.7073571681976,0,2,7
10,8,1,0.5108699798583984,7.999395132064819,2591.69082403183,0,0,4
10,8,1,0.44360899925231934,9.999239921569824,2593.690667152405,0,1,0
10,8,1,0,9.999445915222168,2593.690873146057,Reward,0,0
10,20,1,0.930462121963501,2.015950918197632,2605.7578711509705,0,2,3
10,20,1,0.4714841842651367,3.999220848083496,2607.741140127182,0,1,4
10,20,1,0.5146260261535645,6.01580286026001,2609.757723093033,0,2,4
10,20,1,0.4401051998138428,7.999266862869263,2611.741186141968,0,1,6
10,20,1,0.4562528133392334,9.999013900756836,2613.7409341335297,0,0,6
10,20,1,0,9.999222993850708,2613.7411420345306,Reward,0,0
10,4,0,0.04637908935546875,0.0517427921295166,2623.8437161445618,0,1,7
10,4,0,0,0.05189990997314453,2623.8438720703125,Quit,0,0
10,4,0,0.2760779857635498,0.27938199043273926,2632.154809951782,0,1,5
10,4,0,0,0.2801849842071533,2632.1556141376495,Quit,0,0
10,8,1,0.46146702766418457,1.9993329048156738,2642.191395044327,0,1,5
10,8,1,0.5064749717712402,3.999135971069336,2644.191197156906,0,1,0
10,8,1,0.6642539501190186,5.999036073684692,2646.191097021103,0,0,3
10,8,1,0.482867956161499,7.999233961105347,2648.191295146942,0,1,4
10,8,1,0.5450701713562012,9.999473094940186,2650.1915340423584,0,0,4
10,8,1,0,9.999680995941162,2650.191740989685,Reward,0,0
