2,10,1,0.4521651268005371,2.0007288455963135,9.062633991241455,0,58,4
2,10,1,0,2.001168966293335,9.063072919845581,Reward,0,0
2,10,2,1.000079870223999,2.001220941543579,29.139811992645264,0,57,7
2,10,2,0,2.0022530555725098,29.1408429145813,Forced travel,0,0
2,5,2,0.6480679512023926,2.0012218952178955,47.18248891830444,0,58,2
2,5,2,0,2.002234935760498,47.183501958847046,Forced travel,0,0
2,5,1,0.4156990051269531,1.999974012374878,65.22527384757996,0,58,7
2,5,1,0,2.0002429485321045,65.22554278373718,Reward,0,0
2,25,1,0.7733860015869141,2.000357151031494,85.28584885597229,0,57,4
2,25,1,0,2.0006229877471924,85.28611493110657,Reward,0,0
2,25,1,0.699376106262207,2.00055193901062,105.34654593467712,0,58,2
2,25,1,0,2.001616954803467,105.34760999679565,Reward,0,0
2,25,1,0.7943830490112305,2.0012409687042236,125.42381000518799,0,57,1
2,25,1,0,2.001516103744507,125.42408394813538,Reward,0,0
2,25,1,0.6785459518432617,2.0012149810791016,145.48448777198792,0,58,6
2,25,1,0,2.0022950172424316,145.48556685447693,Reward,0,0
2,10,1,0.700761079788208,2.00125789642334,165.54488277435303,0,58,6
2,10,1,0,2.002286911010742,165.54591178894043,Reward,0,0
2,10,1,0.5666348934173584,2.0011260509490967,185.60537385940552,0,58,7
2,10,1,0,2.0014050006866455,185.60565185546875,Reward,0,0
2,5,1,0.8478682041168213,2.0174081325531006,205.6828098297119,0,59,6
2,5,1,0,2.01766300201416,205.68306279182434,Reward,0,0
2,5,1,0.42602992057800293,2.0002670288085938,225.74326086044312,0,58,3
2,5,1,0,2.0012810230255127,225.74427390098572,Reward,0,0
2,25,1,0.832582950592041,2.0171570777893066,245.82045888900757,0,59,0
2,25,1,0,2.0174739360809326,245.82077598571777,Reward,0,0
2,5,1,0.6342968940734863,2.0003609657287598,265.88089179992676,0,57,4
2,5,1,0,2.0014350414276123,265.8819649219513,Reward,0,0
2,10,1,0.6211600303649902,2.0000247955322266,285.9414439201355,0,57,3
2,10,1,0,2.0010859966278076,285.9425039291382,Reward,0,0
2,10,2,0.9975330829620361,2.0173568725585938,306.01907992362976,0,59,3
2,10,2,0,2.0176360607147217,306.019357919693,Forced travel,0,0
2,5,1,0.8154230117797852,2.0011608600616455,324.0614969730377,0,58,2
2,5,1,0,2.0014429092407227,324.0617778301239,Reward,0,0
2,25,1,0.7670700550079346,2.0012571811676025,344.1220648288727,0,58,6
2,25,1,0,2.002336025238037,344.1231429576874,Reward,0,0
2,5,1,0.741631031036377,2.001446008682251,364.18292784690857,0,58,2
2,5,1,0,2.001722812652588,364.18320393562317,Reward,0,0
2,25,1,0.6170480251312256,2.0012259483337402,384.24341583251953,0,57,0
2,25,1,0,2.0023128986358643,384.24450182914734,Reward,0,0
2,25,1,0.7827908992767334,2.001039981842041,404.3038878440857,0,58,0
2,25,1,0,2.002058982849121,404.3049068450928,Reward,0,0
14,25,1,0.5028159618377686,2.0008418560028076,429.400563955307,0,58,7
14,25,1,0.41844701766967773,4.0019190311431885,431.4016418457031,0,58,4
14,25,1,0.6151700019836426,6.002946853637695,433.4026699066162,0,58,7
14,25,1,0.6108269691467285,8.003751039505005,435.40347385406494,0,58,1
14,25,1,0.6517319679260254,10.004693031311035,437.40441489219666,0,57,7
14,25,1,0.931710958480835,12.005825996398926,439.40554785728455,0,58,2
14,25,1,0.644787073135376,14.00690484046936,441.40662693977356,0,57,1
14,25,1,0,14.007170915603638,441.40689182281494,Reward,0,0
14,25,1,0.6124260425567627,2.001234769821167,449.4608619213104,0,57,6
14,25,1,0.7269501686096191,4.0022828578948975,451.46191000938416,0,57,5
14,25,1,0.6102828979492188,6.003373861312866,453.46300077438354,0,57,3
14,25,1,0.507544994354248,8.004623889923096,455.4642508029938,0,58,4
14,25,1,0.5592248439788818,10.005663871765137,457.4652907848358,0,58,1
14,25,1,0.5639269351959229,12.00645899772644,459.4660859107971,0,58,6
14,25,1,0.5454940795898438,14.00770378112793,461.4673309326172,0,58,4
14,25,1,0,14.007974863052368,461.46760082244873,Reward,0,0
14,5,0,0.32315897941589355,0.3273141384124756,467.84861493110657,0,1,2
14,5,0,0,0.327955961227417,467.8492569923401,Quit,0,0
14,10,1,0.7005698680877686,2.0011978149414062,473.8905539512634,0,58,5
14,10,1,0.572983980178833,4.002265930175781,475.8916218280792,0,58,2
14,10,1,0.6274919509887695,6.0033278465271,477.89268493652344,0,57,0
14,10,1,0.5605530738830566,8.00437879562378,479.8937349319458,0,57,0
14,10,1,0.5644760131835938,10.005414009094238,481.8947699069977,0,58,7
14,10,1,0.5812110900878906,12.00645399093628,483.8958098888397,0,58,5
14,10,1,0.4935579299926758,14.007521867752075,485.8968780040741,0,57,2
14,10,1,0,14.007795810699463,485.89715099334717,Reward,0,0
14,5,0,0.22913289070129395,0.23256802558898926,492.18348598480225,0,2,3
14,5,0,0,0.2336421012878418,492.1845588684082,Quit,0,0
14,10,1,0.5665979385375977,2.0172247886657715,498.23678493499756,0,59,0
14,10,1,0.46836185455322266,4.001399993896484,500.2209599018097,0,56,3
14,10,2,0.8476998805999756,6.002409934997559,502.22196984291077,0,58,0
14,10,1,0.5820069313049316,8.003461837768555,504.22302198410034,0,58,7
14,10,1,0.5891189575195312,10.005083799362183,506.22464394569397,0,57,1
14,10,1,0.6047492027282715,12.005538940429688,508.2250988483429,0,57,4
14,10,1,0.6840550899505615,14.006611824035645,510.22617197036743,0,57,4
14,10,1,0,14.00688099861145,510.22643995285034,Reward,0,0
14,25,1,0.60713791847229,2.000432014465332,518.280375957489,0,57,2
14,25,1,0.5687839984893799,4.001680135726929,520.281623840332,0,58,7
14,25,1,0.5270960330963135,6.002770185470581,522.2827138900757,0,58,2
14,25,1,0.5138130187988281,8.003797054290771,524.2837398052216,0,58,5
14,25,1,0.6147301197052002,10.004635095596313,526.2845788002014,0,58,6
14,25,1,0.6135799884796143,12.005654096603394,528.2855968475342,0,58,5
14,25,1,0.6429908275604248,14.006769180297852,530.286712884903,0,57,5
14,25,1,0,14.007021188735962,530.2869639396667,Reward,0,0
14,5,0,0.3361849784851074,0.3401939868927002,536.6808788776398,0,1,5
14,5,0,0,0.3403589725494385,536.6810438632965,Quit,0,0
14,25,1,0.6743090152740479,2.0006330013275146,542.7101819515228,0,58,1
14,25,1,0.8644800186157227,4.001617193222046,544.7111659049988,0,58,2
14,25,1,0.4804248809814453,6.002652168273926,546.7121999263763,0,58,1
14,25,1,0.6025161743164062,8.003756999969482,548.7133059501648,0,57,5
14,25,1,0.5355679988861084,10.004561185836792,550.7141098976135,0,58,6
14,25,1,0.6364119052886963,12.00565505027771,552.715204000473,0,57,7
14,25,1,0.5486178398132324,14.006896018981934,554.7164449691772,0,58,7
14,25,1,0,14.007150173187256,554.7166979312897,Reward,0,0
14,10,1,0.6312839984893799,2.0012409687042236,562.7707009315491,0,57,4
14,10,1,0.7132439613342285,4.00233006477356,564.7717897891998,0,58,7
14,10,1,0.5872869491577148,6.003312110900879,566.7727718353271,0,58,6
14,10,1,0.647845983505249,8.004346132278442,568.7738058567047,0,58,6
14,10,1,0.7634279727935791,10.00546908378601,570.7749300003052,0,57,2
14,10,1,0.7978191375732422,12.006489038467407,572.7759490013123,0,58,3
14,10,1,0.942695140838623,14.007528066635132,574.7769889831543,0,57,7
14,10,1,0,14.007807970046997,574.7772669792175,Reward,0,0
14,10,0,0.43366098403930664,0.4355931282043457,581.265585899353,0,2,5
14,10,0,0,0.43583202362060547,581.2658247947693,Quit,0,0
14,5,0,0.249528169631958,0.25147485733032227,585.5510997772217,0,2,2
14,5,0,0,0.25243282318115234,585.5520579814911,Quit,0,0
14,5,0,0.280750036239624,0.28267502784729004,589.8681499958038,0,2,2
14,5,0,0,0.28293895721435547,589.8684129714966,Quit,0,0
14,25,1,0.7425518035888672,2.0005970001220703,595.9047939777374,0,58,6
14,25,1,0.44290804862976074,4.001657962799072,597.9058549404144,0,58,5
14,25,1,0.829927921295166,6.002774953842163,599.9069709777832,0,58,5
14,25,1,0.768712043762207,8.00377106666565,601.9079678058624,0,57,7
14,25,1,0.7300329208374023,10.004806995391846,603.9090039730072,0,58,5
14,25,1,0.5513360500335693,12.005892038345337,605.9100887775421,0,57,7
14,25,1,0.5546431541442871,14.00770115852356,607.9118978977203,0,58,7
14,25,1,0,14.007966995239258,607.9121627807617,Reward,0,0
14,5,0,0.3508899211883545,0.377748966217041,614.3431038856506,0,0,4
14,5,0,0,0.3783888816833496,614.343743801117,Quit,0,0
14,10,0,0.2805619239807129,0.2840590476989746,618.6668939590454,0,1,0
14,10,0,0,0.28424692153930664,618.6670818328857,Quit,0,0
14,10,2,0.9979150295257568,2.018320083618164,624.720972776413,0,59,0
14,10,1,0.6309449672698975,4.001443147659302,626.7040958404541,0,56,4
14,10,2,1.0000629425048828,6.00248908996582,628.7051417827606,0,57,4
14,10,2,0,6.002748012542725,628.7054009437561,Forced travel,0,0
14,25,1,0.7664749622344971,2.001209020614624,634.7418859004974,0,58,5
14,25,1,0.5729858875274658,4.002307891845703,636.7429838180542,0,57,6
14,25,1,0.7454731464385986,6.003098964691162,638.7437767982483,0,58,0
14,25,1,0.5284340381622314,8.004387855529785,640.7450649738312,0,58,3
14,25,1,0.8089971542358398,10.005448818206787,642.7461259365082,0,57,7
14,25,1,0.810575008392334,12.006469011306763,644.7471458911896,0,57,1
14,25,1,0.7816081047058105,13.990648984909058,646.7313258647919,0,56,3
14,25,1,0,13.990917921066284,646.7315938472748,Reward,0,0
14,10,0,0.22629308700561523,0.24955296516418457,653.0347278118134,0,0,2
14,10,0,0,0.24973106384277344,653.034905910492,Quit,0,0
14,25,1,0.648590087890625,2.017315149307251,659.0881168842316,0,59,4
14,25,1,0.4801521301269531,4.001610040664673,661.072411775589,0,57,7
14,25,1,0.7308919429779053,6.002648115158081,663.0734498500824,0,58,3
14,25,1,0.5815801620483398,8.003780126571655,665.074581861496,0,57,1
14,25,1,0.5313479900360107,10.004740953445435,667.0755429267883,0,58,1
14,25,1,0.6480169296264648,12.00585412979126,669.0766558647156,0,58,7
14,25,1,0.5244090557098389,14.006641149520874,671.0774419307709,0,58,1
14,25,1,0,14.006888151168823,671.0776889324188,Reward,0,0
14,25,1,0.7989749908447266,2.017549991607666,679.1488738059998,0,59,7
14,25,1,0.5322909355163574,4.001616954803467,681.1329419612885,0,57,3
14,25,1,0.5658309459686279,6.002685070037842,683.1340088844299,0,58,5
14,25,1,0.4640960693359375,8.003772974014282,685.1350967884064,0,58,5
14,25,1,0.5759069919586182,10.00480604171753,687.1361298561096,0,57,6
14,25,2,0.8312568664550781,12.005892038345337,689.1372148990631,0,58,0
14,25,1,0.5863680839538574,14.006978988647461,691.1383028030396,0,57,4
14,25,1,0,14.007251977920532,691.1385748386383,Reward,0,0
14,5,0,0.5093560218811035,0.5328340530395508,697.7250409126282,0,0,2
14,5,0,0,0.5329990386962891,697.7252058982849,Quit,0,0
14,10,0,0.39440488815307617,0.3986179828643799,702.1588728427887,0,1,2
14,10,0,0,0.39948391914367676,702.159738779068,Quit,0,0
14,5,0,0.20951008796691895,0.21333098411560059,706.4101707935333,0,1,0
14,5,0,0,0.21350312232971191,706.4103429317474,Quit,0,0
14,10,1,0.5158460140228271,2.0168309211730957,712.4658589363098,0,59,4
14,10,1,0.40042805671691895,4.001207113265991,714.4502339363098,0,57,5
14,10,1,0.5871660709381104,6.002285003662109,716.4513127803802,0,57,4
14,10,1,0.5987739562988281,8.003355026245117,718.4523818492889,0,58,4
14,10,1,0.4029850959777832,10.004565000534058,720.4535927772522,0,58,7
14,10,1,0.44403696060180664,12.005638122558594,722.4546658992767,0,58,4
14,10,1,0.4980790615081787,14.006740093231201,724.4557678699493,0,58,0
14,10,1,0,14.007013082504272,724.4560399055481,Reward,0,0
14,5,0,0.3235349655151367,0.3470032215118408,730.855721950531,0,0,0
14,5,0,0,0.3471841812133789,730.8559029102325,Quit,0,0
14,25,1,0.6491711139678955,2.0168910026550293,736.9122388362885,0,59,1
14,25,1,0.6146290302276611,4.001477956771851,738.8968257904053,0,57,0
14,25,1,0.40469908714294434,6.002166032791138,740.8975138664246,0,58,3
14,25,1,0.5559999942779541,8.003251075744629,742.8985998630524,0,57,6
14,25,1,0.6151459217071533,10.004289865493774,744.8996379375458,0,58,4
14,25,1,0.577380895614624,12.005300045013428,746.9006478786469,0,57,3
14,25,1,0.694688081741333,14.006351947784424,748.9016988277435,0,57,7
14,25,1,0,14.00662088394165,748.9019680023193,Reward,0,0
14,25,1,0.6496939659118652,2.0011720657348633,756.9559438228607,0,58,5
14,25,1,0.6814789772033691,4.0022499561309814,758.9570219516754,0,58,2
14,25,1,0.4866938591003418,6.003435134887695,760.9582068920135,0,58,5
14,25,1,0.6312148571014404,8.004539012908936,762.9593110084534,0,58,7
14,25,1,0.6072750091552734,10.005628108978271,764.9603998661041,0,57,6
14,25,1,0.6332170963287354,12.00672197341919,766.9614939689636,0,57,3
14,25,1,0.49124813079833984,14.007745027542114,768.962516784668,0,58,5
14,25,1,0,14.008018970489502,768.962789773941,Reward,0,0
14,10,0,0.24355792999267578,0.267117977142334,775.2834839820862,0,0,5
14,10,0,0,0.2672860622406006,775.2836518287659,Quit,0,0
14,5,0,0.2553849220275879,0.26229310035705566,779.5791718959808,0,1,7
14,5,0,0,0.26245594024658203,779.5793349742889,Quit,0,0
14,25,1,0.6289839744567871,2.001336097717285,785.6212558746338,0,58,6
14,25,1,0.5144920349121094,4.002218008041382,787.6221377849579,0,58,0
14,25,1,0.5715122222900391,6.019926071166992,789.6398458480835,0,57,3
14,25,1,0.5959439277648926,8.00450611114502,791.6244258880615,0,56,6
14,25,1,0.5217409133911133,10.005368947982788,793.6252889633179,0,58,7
14,25,1,0.7652721405029297,12.006321907043457,795.6262419223785,0,58,6
14,25,1,0.581751823425293,14.00733995437622,797.6272599697113,0,57,3
14,25,1,0,14.007587909698486,797.6275069713593,Reward,0,0
14,5,0,0.24005484580993652,0.24674391746520996,803.9273998737335,0,1,7
14,5,0,0,0.24692082405090332,803.9275767803192,Quit,0,0
14,10,1,0.4750199317932129,2.0015411376953125,809.9673869609833,0,58,5
14,10,1,0.5687658786773682,4.002573013305664,811.968419790268,0,58,0
14,10,1,0.9312407970428467,6.003880977630615,813.9697289466858,0,58,2
14,10,1,0.5877721309661865,8.02157998085022,815.9874258041382,0,57,4
14,10,1,0.528933048248291,10.005744934082031,817.9715919494629,0,56,0
14,10,1,0.7666809558868408,12.006827116012573,819.9726738929749,0,57,5
14,10,1,0.5557780265808105,14.008553981781006,821.9744009971619,0,58,6
14,10,1,0,14.008824110031128,821.9746699333191,Reward,0,0
14,25,1,0.5272271633148193,1.9999232292175293,830.0277419090271,0,58,7
14,25,1,0.6883668899536133,4.001000165939331,832.0288188457489,0,57,7
14,25,1,0.7170119285583496,6.002072095870972,834.0298907756805,0,57,4
14,25,1,0.4843151569366455,8.00330400466919,836.0311229228973,0,58,1
14,25,1,0.6809089183807373,10.00437307357788,838.032191991806,0,58,4
14,25,1,0.558007001876831,12.005357027053833,840.033175945282,0,58,1
14,25,1,0.5685131549835205,14.006232023239136,842.0340509414673,0,58,2
14,25,1,0,14.00649905204773,842.034316778183,Reward,0,0
10,25,1,0.8488850593566895,2.0182199478149414,855.1424639225006,0,59,4
10,25,1,0.6600511074066162,4.0179431438446045,857.1421868801117,0,56,2
10,25,1,0.9229409694671631,6.002349138259888,859.126592874527,0,56,5
10,25,1,0.7272260189056396,8.003468990325928,861.1277129650116,0,57,5
10,25,1,0.5848441123962402,10.004486083984375,863.1287288665771,0,58,2
10,25,1,0,10.004771947860718,863.1290149688721,Reward,0,0
10,5,0,0.2786548137664795,0.3027989864349365,873.4866659641266,0,0,3
10,5,0,0,0.30295801162719727,873.486823797226,Quit,0,0
10,10,1,0.676563024520874,2.0002660751342773,883.5226898193359,0,57,4
10,10,1,0.5310580730438232,4.0014050006866455,885.5238299369812,0,58,5
10,10,1,0.6978988647460938,6.0024449825286865,887.5248699188232,0,58,0
10,10,1,0.5869338512420654,8.003499984741211,889.5259249210358,0,57,1
10,10,1,0.8480069637298584,10.00455904006958,891.5269839763641,0,58,0
10,10,1,0,10.00483512878418,891.5272588729858,Reward,0,0
10,10,0,0.3100450038909912,0.33355093002319336,901.9169888496399,0,0,3
10,10,0,0,0.3337228298187256,901.917160987854,Quit,0,0
10,5,0,0.23295211791992188,0.23488402366638184,910.1887888908386,0,2,2
10,5,0,0,0.23512506484985352,910.1890299320221,Quit,0,0
10,25,1,0.6153080463409424,2.0170910358428955,920.2421967983246,0,59,4
10,25,1,0.5996410846710205,4.0015480518341064,922.2266550064087,0,57,0
10,25,1,0.698868989944458,6.002542018890381,924.2276477813721,0,58,1
10,25,1,0.4265739917755127,8.00345492362976,926.2285599708557,0,58,5
10,25,1,0.5456368923187256,10.004266023635864,928.2293717861176,0,58,2
10,25,1,0,10.00452995300293,928.2296350002289,Reward,0,0
10,25,1,0.6540350914001465,2.0010969638824463,940.2859058380127,0,58,2
10,25,1,0.540673017501831,4.0021889209747314,942.286997795105,0,58,1
10,25,1,0.6805419921875,6.003335952758789,944.288144826889,0,58,5
10,25,1,0.5521101951599121,8.004371881484985,946.2891809940338,0,57,0
10,25,1,0.5411159992218018,10.00541090965271,948.290219783783,0,57,0
10,25,1,0,10.005688905715942,948.2904968261719,Reward,0,0
10,10,1,0.6160478591918945,2.000586986541748,960.3465099334717,0,58,2
10,10,1,0.5645668506622314,4.0016560554504395,962.3475790023804,0,58,7
10,10,1,0.6503031253814697,6.002621173858643,964.34854388237,0,57,4
10,10,1,0.6190011501312256,8.003859996795654,966.3497829437256,0,57,6
10,10,1,0.5443899631500244,10.004793167114258,968.3507168292999,0,57,4
10,10,1,0,10.005048036575317,968.3509697914124,Reward,0,0
10,10,1,0.5652599334716797,1.999866008758545,980.4068880081177,0,58,0
10,10,1,0.5216619968414307,4.001150131225586,982.4081718921661,0,58,0
10,10,1,0.5428900718688965,6.018917083740234,984.4259388446808,0,57,6
10,10,1,0.44794702529907227,8.004423141479492,986.41144490242,0,57,3
10,10,1,0.49942898750305176,10.004267930984497,988.4112899303436,0,58,7
10,10,1,0,10.00455904006958,988.4115798473358,Reward,0,0
10,25,1,0.6738138198852539,2.001070976257324,1000.467661857605,0,57,0
10,25,1,0.4706230163574219,4.001907825469971,1002.4684989452362,0,58,4
10,25,1,0.49397993087768555,6.003209829330444,1004.4697999954224,0,58,2
10,25,1,0.4977719783782959,8.00421690940857,1006.4708077907562,0,58,0
10,25,1,0.40097498893737793,10.005245923995972,1008.4718368053436,0,58,4
10,25,1,0,10.005520820617676,1008.4721119403839,Reward,0,0
10,5,0,0.2754809856414795,0.29952502250671387,1018.8274857997894,0,0,3
10,5,0,0,0.29969310760498047,1018.8276538848877,Quit,0,0
10,5,0,0.2467198371887207,0.2502620220184326,1027.115779876709,0,1,0
10,5,0,0,0.25043201446533203,1027.1159498691559,Quit,0,0
10,25,1,0.6323838233947754,2.0167200565338135,1037.1702167987823,0,59,2
10,25,1,0.3846769332885742,4.000935077667236,1039.1544308662415,0,57,4
10,25,1,0.5750319957733154,6.001971006393433,1041.155464887619,0,57,7
10,25,1,0.5329880714416504,8.003198862075806,1043.1566939353943,0,58,1
10,25,1,0.7151229381561279,10.00410795211792,1045.1576027870178,0,58,3
10,25,1,0,10.004378080368042,1045.157872915268,Reward,0,0
10,10,1,0.6745710372924805,2.0011019706726074,1057.2139818668365,0,57,0
10,10,1,0.7625401020050049,4.002204895019531,1059.2150847911835,0,57,4
10,10,1,0.4847140312194824,6.0038909912109375,1061.2167708873749,0,58,4
10,10,1,0.5422570705413818,8.00450587272644,1063.217384815216,0,57,5
10,10,1,0.7304329872131348,10.00553584098816,1065.2184159755707,0,58,6
10,10,1,0,10.005807876586914,1065.2186868190765,Reward,0,0
10,5,0,0.31460094451904297,0.3383948802947998,1075.6118857860565,0,0,1
10,5,0,0,0.3385601043701172,1075.6120510101318,Quit,0,0
10,5,0,0.2658841609954834,0.26783299446105957,1083.913311958313,0,2,5
10,5,0,0,0.2680778503417969,1083.9135568141937,Quit,0,0
10,25,1,0.7498140335083008,2.0012471675872803,1094.4003858566284,0,58,4
10,25,2,0.9143209457397461,4.002380132675171,1096.4015188217163,0,58,7
10,25,1,0.412647008895874,6.00311803817749,1098.4022569656372,0,58,7
10,25,1,0.7651610374450684,8.004322052001953,1100.4034597873688,0,58,5
10,25,1,0.708643913269043,10.005437135696411,1102.4045758247375,0,58,2
10,25,1,0,10.00574016571045,1102.4048779010773,Reward,0,0
10,10,1,0.8774430751800537,2.0012729167938232,1114.4610049724579,0,57,7
10,10,1,0.7759590148925781,4.002309083938599,1116.462040901184,0,57,6
10,10,1,0.8562681674957275,6.0033860206604,1118.4631178379059,0,57,7
10,10,1,0.4198739528656006,8.004426002502441,1120.464157819748,0,58,5
10,10,1,0.6121311187744141,10.005397081375122,1122.4651288986206,0,57,6
10,10,1,0,10.006474018096924,1122.4662058353424,Reward,0,0
10,10,1,0.46320581436157227,2.0000360012054443,1134.5213479995728,0,58,7
10,10,1,0.5476710796356201,4.001091003417969,1136.5224030017853,0,58,1
10,10,1,0.4282369613647461,6.00239109992981,1138.5237028598785,0,58,4
10,10,1,0.5068490505218506,8.003361940383911,1140.5246739387512,0,58,0
10,10,1,0.5904438495635986,10.004394054412842,1142.5257058143616,0,57,5
10,10,1,0,10.004668951034546,1142.5259799957275,Reward,0,0
10,25,1,0.7745380401611328,2.000174045562744,1154.5819208621979,0,58,1
10,25,1,0.614037036895752,4.001210927963257,1156.582957983017,0,58,0
10,25,1,0.8315250873565674,6.002217054367065,1158.5839629173279,0,58,7
10,25,1,0.538297176361084,8.003318071365356,1160.5850648880005,0,57,7
10,25,1,0.5225930213928223,10.004342079162598,1162.5860888957977,0,57,6
10,25,1,0,10.004611015319824,1162.5863568782806,Reward,0,0
10,25,1,0.4491569995880127,2.001451015472412,1174.6426298618317,0,58,7
10,25,1,0.43796706199645996,4.002507925033569,1176.6436870098114,0,58,2
10,25,1,0.515099048614502,6.003551006317139,1178.6447298526764,0,58,5
10,25,1,0.5393378734588623,8.004430055618286,1180.6456089019775,0,58,6
10,25,1,0.5045890808105469,10.005504846572876,1182.646684885025,0,57,1
10,25,1,0,10.0065279006958,1182.6477057933807,Reward,0,0
10,5,0,0.2541019916534424,0.2607228755950928,1192.9634318351746,0,1,6
10,5,0,0,0.2608909606933594,1192.9635999202728,Quit,0,0
10,10,1,0.5472471714019775,2.017190933227539,1203.0243589878082,0,59,7
10,10,1,0.6949148178100586,4.001235008239746,1205.0084018707275,0,56,2
10,10,1,0.5540120601654053,6.002285957336426,1207.0094528198242,0,57,0
10,10,1,0.6133699417114258,8.003314971923828,1209.0104818344116,0,58,2
10,10,1,0.5388519763946533,10.004467964172363,1211.0116348266602,0,57,4
10,10,1,0,10.00473403930664,1211.0118999481201,Reward,0,0
10,5,0,0.3780078887939453,0.3822660446166992,1221.4488818645477,0,1,2
10,5,0,0,0.3829009532928467,1221.4495167732239,Quit,0,0
10,10,1,0.6733098030090332,2.0006401538848877,1231.4892778396606,0,58,0
10,10,1,0.4808840751647949,4.001603126525879,1233.4902408123016,0,58,4
10,10,1,0.5128319263458252,6.002679109573364,1235.4913167953491,0,58,0
10,10,1,0.764441967010498,8.003740072250366,1237.4923779964447,0,58,5
10,10,1,0.5244269371032715,10.004634141921997,1239.4932718276978,0,58,1
10,10,1,0,10.00492000579834,1239.4935569763184,Reward,0,0
10,10,2,0.8505189418792725,2.0012290477752686,1251.5495698451996,0,58,2
10,10,1,0.5191891193389893,4.002254009246826,1253.5505948066711,0,57,6
10,10,1,0.595717191696167,6.003370046615601,1255.55171084404,0,57,5
10,10,1,0.5978031158447266,8.004378080368042,1257.5527188777924,0,58,6
10,10,1,0.5582880973815918,10.00539493560791,1259.5537359714508,0,57,5
10,10,1,0,10.00564694404602,1259.553986787796,Reward,0,0
0,0,0,99,0,1267.5911519527435,Break,0,0
2,5,1,0.5117199420928955,2.0011179447174072,1341.3468239307404,0,57,6
2,5,1,0,2.0021300315856934,1341.3478338718414,Reward,0,0
2,5,1,0.6386089324951172,2.001376152038574,1362.1245708465576,0,58,6
2,5,1,0,2.0024120807647705,1362.1256058216095,Reward,0,0
2,25,2,0.6986031532287598,2.0169320106506348,1382.2019279003143,0,59,2
2,25,2,0,2.017192840576172,1382.2021889686584,Forced travel,0,0
2,10,1,0.8828270435333252,2.001204013824463,1400.2446959018707,0,58,5
2,10,1,0,2.002250909805298,1400.2457418441772,Reward,0,0
2,10,1,0.49042201042175293,2.0012688636779785,1420.3052899837494,0,58,3
2,10,1,0,2.0015668869018555,1420.3055868148804,Reward,0,0
2,25,1,0.700160026550293,2.000399112701416,1440.3658938407898,0,57,5
2,25,1,0,2.000680923461914,1440.3661739826202,Reward,0,0
2,10,1,0.749459981918335,2.0168521404266357,1460.4428799152374,0,59,1
2,10,1,0,2.017120122909546,1460.443146944046,Reward,0,0
2,25,1,0.4853658676147461,2.0014641284942627,1480.5036458969116,0,58,7
2,25,1,0,2.001750946044922,1480.5039319992065,Reward,0,0
2,5,1,0.4583549499511719,2.0019588470458984,1500.5641429424286,0,58,3
2,5,1,0,2.002246856689453,1500.5644299983978,Reward,0,0
2,25,1,0.865246057510376,2.0003340244293213,1520.6247339248657,0,58,6
2,25,1,0,2.0013959407806396,1520.6257967948914,Reward,0,0
2,5,1,0.6001400947570801,2.0003950595855713,1540.6852958202362,0,57,4
2,5,1,0,2.0006799697875977,1540.685579776764,Reward,0,0
2,10,1,0.7151939868927002,2.0169360637664795,1560.7624459266663,0,59,5
2,10,1,0,2.018028974533081,1560.7635397911072,Reward,0,0
2,25,1,0.5694079399108887,2.0001800060272217,1580.8228108882904,0,57,7
2,25,1,0,2.0004289150238037,1580.823059797287,Reward,0,0
2,25,1,0.5962040424346924,2.0015151500701904,1600.8836958408356,0,58,6
2,25,1,0,2.0018022060394287,1600.8839819431305,Reward,0,0
2,10,1,0.633756160736084,2.001274824142456,1620.9442529678345,0,58,7
2,10,1,0,2.001563787460327,1620.944540977478,Reward,0,0
2,5,1,0.4644150733947754,2.0012848377227783,1641.0047769546509,0,58,3
2,5,1,0,2.0023648738861084,1641.0058557987213,Reward,0,0
2,5,1,0.6109459400177002,2.0011842250823975,1661.065316915512,0,57,2
2,5,1,0,2.001458168029785,1661.0655899047852,Reward,0,0
2,10,1,0.6522178649902344,2.0010459423065186,1681.125669002533,0,58,0
2,10,1,0,2.0021259784698486,1681.1267478466034,Reward,0,0
2,5,1,0.5866949558258057,2.000626802444458,1701.186471939087,0,58,5
2,5,1,0,2.000901937484741,1701.1867458820343,Reward,0,0
2,10,1,0.799954891204834,2.0012710094451904,1721.2469549179077,0,58,0
2,10,1,0,2.0015690326690674,1721.2472529411316,Reward,0,0
2,5,1,0.5994789600372314,2.00111985206604,1741.3074657917023,0,57,1
2,5,1,0,2.0013949871063232,1741.3077409267426,Reward,0,0
14,5,0,0.3182950019836426,0.32222700119018555,1764.7256219387054,0,1,3
14,5,0,0,0.3228628635406494,1764.726257801056,Quit,0,0
14,5,0,0.28287792205810547,0.28499507904052734,1769.0407898426056,0,2,5
14,5,0,0,0.28525209426879883,1769.0410459041595,Quit,0,0
14,25,1,0.7496252059936523,2.001054048538208,1775.0752408504486,0,58,6
14,25,1,0.5970029830932617,4.002187013626099,1777.0763738155365,0,58,7
14,25,1,0.6817660331726074,6.003211975097656,1779.077398777008,0,58,0
14,25,1,0.6977648735046387,8.004252910614014,1781.078439950943,0,58,1
14,25,1,0.865307092666626,10.00534701347351,1783.079533815384,0,58,0
14,25,1,0.7978739738464355,12.006371974945068,1785.0805587768555,0,58,3
14,25,1,0.5822491645812988,14.007428884506226,1787.0816159248352,0,56,4
14,25,1,0,14.007702112197876,1787.081887960434,Reward,0,0
14,10,0,0.10858607292175293,0.13215088844299316,1793.2676939964294,0,0,2
14,10,0,0,0.13233304023742676,1793.267874956131,Quit,0,0
14,25,1,0.7148778438568115,2.000727891921997,1799.3044259548187,0,58,3
14,25,1,0.493319034576416,4.002091884613037,1801.3057899475098,0,58,7
14,25,1,0.7144010066986084,6.003108024597168,1803.3068068027496,0,58,4
14,25,1,0.4380838871002197,8.003927946090698,1805.3076260089874,0,58,4
14,25,1,0.5247302055358887,10.004987955093384,1807.3086857795715,0,57,6
14,25,1,0.5978469848632812,12.00588607788086,1809.309583902359,0,58,0
14,25,1,0.4865729808807373,14.007098913192749,1811.3107969760895,0,57,2
14,25,1,0,14.007364988327026,1811.3110618591309,Reward,0,0
14,10,0,0.17395591735839844,0.18110394477844238,1817.5459129810333,0,1,7
14,10,0,0,0.1812760829925537,1817.5460839271545,Quit,0,0
14,25,1,0.9825899600982666,2.017328977584839,1823.600912809372,0,59,3
14,25,1,0.9322299957275391,4.001446008682251,1825.5850298404694,0,57,1
14,25,1,0.5190639495849609,6.002479076385498,1827.5860629081726,0,57,1
14,25,1,0.40735292434692383,8.00373101234436,1829.5873148441315,0,58,7
14,25,2,0.9146530628204346,10.004765033721924,1831.588348865509,0,58,6
14,25,1,0.4546680450439453,12.005810022354126,1833.589392900467,0,57,7
14,25,1,0.39491701126098633,14.006898880004883,1835.5904829502106,0,58,3
14,25,1,0,14.007169008255005,1835.5907518863678,Reward,0,0
14,25,1,0.7580239772796631,2.001013994216919,1843.6444828510284,0,58,2
14,25,1,0.5325839519500732,4.002323865890503,1845.6457929611206,0,58,1
14,25,1,0.7643139362335205,6.003265857696533,1847.6467349529266,0,58,1
14,25,1,0.6672120094299316,8.004354000091553,1849.647822856903,0,57,7
14,25,1,0.8147280216217041,10.005416870117188,1851.6488859653473,0,58,1
14,25,1,0.44025182723999023,12.006556987762451,1853.650025844574,0,58,4
14,25,1,0.5501711368560791,14.007552862167358,1855.6510219573975,0,57,0
14,25,1,0,14.007829904556274,1855.6512978076935,Reward,0,0
14,5,0,0.2881479263305664,0.3116030693054199,1862.016271829605,0,0,0
14,5,0,0,0.31176114082336426,1862.016429901123,Quit,0,0
14,10,0,0.2848188877105713,0.2890019416809082,1866.3462507724762,0,1,2
14,10,0,0,0.2891569137573242,1866.3464047908783,Quit,0,0
14,5,0,0.26670289039611816,0.26878905296325684,1870.6448888778687,0,2,5
14,5,0,0,0.2690300941467285,1870.6451299190521,Quit,0,0
14,10,0,0.1492140293121338,0.1512889862060547,1874.8296599388123,0,2,1
14,10,0,0,0.1522839069366455,1874.8306548595428,Quit,0,0
14,5,0,0.20021510124206543,0.20217609405517578,1879.0651729106903,0,2,1
14,5,0,0,0.20241594314575195,1879.0654129981995,Quit,0,0
14,10,1,0.5213038921356201,2.000275135040283,1885.0995879173279,0,57,6
14,10,1,0.4811739921569824,4.001549005508423,1887.100861787796,0,58,0
14,10,1,0.3692281246185303,6.002571105957031,1889.1018829345703,0,58,5
14,10,1,0.49810290336608887,8.003735065460205,1891.1030478477478,0,58,5
14,10,1,0.4446530342102051,10.004764080047607,1893.1040778160095,0,57,4
14,10,1,0.6812000274658203,12.005791902542114,1895.1051049232483,0,58,3
14,10,1,0.6970019340515137,14.006859064102173,1897.1061718463898,0,58,5
14,10,1,0,14.007136106491089,1897.1064479351044,Reward,0,0
14,25,1,0.9831991195678711,2.001214027404785,1905.160392999649,0,58,4
14,25,1,0.7976739406585693,4.002284049987793,1907.1614618301392,0,58,5
14,25,1,0.7972900867462158,6.003276109695435,1909.1624548435211,0,58,3
14,25,1,0.41418004035949707,8.004085063934326,1911.1632628440857,0,58,4
14,25,1,0.35350608825683594,10.005336999893188,1913.1645159721375,0,58,7
14,25,1,0.43101000785827637,12.006489038467407,1915.1656668186188,0,58,6
14,25,1,0.5484330654144287,14.00752592086792,1917.1667039394379,0,58,6
14,25,1,0,14.007813930511475,1917.166990995407,Reward,0,0
14,5,0,0.26689720153808594,0.2905540466308594,1923.5102818012238,0,0,4
14,5,0,0,0.2907121181488037,1923.5104398727417,Quit,0,0
14,25,1,0.6140010356903076,2.0012660026550293,1929.539978981018,0,57,2
14,25,1,0.5596070289611816,4.002001047134399,1931.5407137870789,0,58,5
14,25,1,0.6479110717773438,6.003014087677002,1933.5417268276215,0,58,4
14,25,1,0.7312049865722656,8.004099130630493,1935.5428109169006,0,58,6
14,25,1,0.6979010105133057,10.005113124847412,1937.5438258647919,0,58,7
14,25,2,0.9967918395996094,12.006232023239136,1939.5449450016022,0,58,3
14,25,1,0.48069095611572266,14.007533073425293,1941.5462448596954,0,56,3
14,25,1,0,14.007805109024048,1941.5465168952942,Reward,0,0
14,10,1,0.599531888961792,2.001250982284546,1949.6004009246826,0,58,7
14,10,1,0.6644370555877686,4.002308130264282,1951.6014578342438,0,58,2
14,10,1,0.4248530864715576,6.003387212753296,1953.6025369167328,0,57,6
14,10,1,0.4014749526977539,8.00421404838562,1955.6033627986908,0,58,4
14,10,1,0.5650730133056641,10.0053071975708,1957.6044569015503,0,58,1
14,10,1,0.5163559913635254,12.006302118301392,1959.6054518222809,0,57,5
14,10,1,0.484821081161499,13.990906000137329,1961.5900559425354,0,56,5
14,10,1,0,13.991176128387451,1961.5903248786926,Reward,0,0
14,5,0,0.1667790412902832,0.1687150001525879,1967.8118348121643,0,2,4
14,5,0,0,0.16967010498046875,1967.8127899169922,Quit,0,0
14,5,0,0.3564469814300537,0.36031293869018555,1972.206545829773,0,1,3
14,5,0,0,0.36046695709228516,1972.206699848175,Quit,0,0
14,25,1,0.6786489486694336,2.001284122467041,1978.2488849163055,0,57,2
14,25,1,0.5776870250701904,4.002089977264404,1980.2496910095215,0,58,2
14,25,1,0.6990060806274414,6.00313401222229,1982.2507348060608,0,58,4
14,25,1,0.5156629085540771,8.004148006439209,1984.2517488002777,0,57,2
14,25,1,0.4666600227355957,10.0052170753479,1986.2528178691864,0,57,6
14,25,1,0.6779179573059082,12.00629210472107,1988.253893852234,0,57,1
14,25,1,0.40569210052490234,14.007304906845093,1990.2549059391022,0,57,3
14,25,1,0,14.007571935653687,1990.2551717758179,Reward,0,0
14,25,1,0.5675809383392334,2.0015270709991455,1998.3093428611755,0,58,6
14,25,1,0.7146730422973633,4.0025811195373535,2000.3103969097137,0,58,0
14,25,1,0.6308920383453369,6.003638029098511,2002.311453819275,0,58,7
14,25,1,0.3853740692138672,8.004709005355835,2004.3125247955322,0,58,3
14,25,1,0.46503520011901855,10.00579309463501,2006.3136088848114,0,57,7
14,25,1,0.5478549003601074,12.006822109222412,2008.3146369457245,0,58,4
14,25,1,0.7146921157836914,14.007874011993408,2010.3156898021698,0,58,4
14,25,1,0,14.008145093917847,2010.31595993042,Reward,0,0
14,10,0,0.28403806686401367,0.28598594665527344,2016.6554918289185,0,2,1
14,10,0,0,0.28626489639282227,2016.6557698249817,Quit,0,0
14,10,0,0.24087309837341309,0.24441814422607422,2020.9327819347382,0,1,0
14,10,0,0,0.24459099769592285,2020.932954788208,Quit,0,0
14,10,1,0.8324260711669922,2.0172030925750732,2026.9911777973175,0,59,1
14,10,1,0.40546607971191406,4.001525163650513,2028.975499868393,0,57,7
14,10,1,0.3658149242401123,6.002626180648804,2030.9766008853912,0,58,3
14,10,1,0.32173895835876465,8.003419160842896,2032.9773948192596,0,58,4
14,10,1,0.5134260654449463,10.004477977752686,2034.9784529209137,0,58,5
14,10,2,0.6657378673553467,12.005553007125854,2036.9795279502869,0,58,0
14,10,1,0.43662309646606445,13.99012017250061,2038.964094877243,0,56,6
14,10,1,0,13.990396976470947,2038.9643709659576,Reward,0,0
14,5,0,0.44574904441833496,0.4511380195617676,2045.4682159423828,0,1,4
14,5,0,0,0.4513058662414551,2045.4683837890625,Quit,0,0
14,25,1,0.5444409847259521,2.0013182163238525,2051.5040469169617,0,57,3
14,25,1,0.47986292839050293,4.002366065979004,2053.5050950050354,0,58,7
14,25,1,0.3807051181793213,6.003450155258179,2055.5061798095703,0,57,1
14,25,1,0.4126911163330078,8.004460096359253,2057.507188796997,0,57,6
14,25,1,0.6481649875640869,10.005542993545532,2059.508271932602,0,58,1
14,25,1,0.6232388019561768,12.006448030471802,2061.509176969528,0,58,0
14,25,1,0.7812049388885498,14.007420063018799,2063.510149002075,0,58,3
14,25,1,0,14.007688999176025,2063.510416984558,Reward,0,0
14,10,0,0.22308683395385742,0.22856497764587402,2069.792108774185,0,1,4
14,10,0,0,0.22881603240966797,2069.792359828949,Quit,0,0
14,5,0,0.21708321571350098,0.21919512748718262,2074.051260948181,0,2,3
14,5,0,0,0.2194521427154541,2074.0515179634094,Quit,0,0
14,25,1,0.6422262191772461,2.000575065612793,2080.08571600914,0,58,1
14,25,1,0.6646080017089844,4.003022193908691,2082.0881628990173,0,58,5
14,25,1,0.6799490451812744,6.002670049667358,2084.0878109931946,0,58,6
14,25,1,0.5298998355865479,8.00322699546814,2086.0883679389954,0,58,6
14,25,1,0.7002408504486084,10.004810094833374,2088.089950799942,0,58,4
14,25,1,0.6813108921051025,12.005878210067749,2090.0910189151764,0,58,0
14,25,1,0.5145671367645264,14.0069100856781,2092.0920519828796,0,57,4
14,25,1,0,14.007184982299805,2092.0923249721527,Reward,0,0
14,25,1,0.6059849262237549,2.001415967941284,2100.1462898254395,0,57,5
14,25,1,0.5805919170379639,4.002259969711304,2102.147134780884,0,58,2
14,25,1,0.5987019538879395,6.003325939178467,2104.1482009887695,0,58,4
14,25,1,0.7478711605072021,8.004436016082764,2106.1493108272552,0,58,1
14,25,1,0.4227571487426758,10.005737066268921,2108.1506118774414,0,58,7
14,25,1,0.6144890785217285,12.006702899932861,2110.151577949524,0,58,4
14,25,1,0.7645809650421143,14.007642030715942,2112.1525168418884,0,58,1
14,25,1,0,14.008699893951416,2112.153573989868,Reward,0,0
14,10,0,0.2542130947113037,0.2776620388031006,2118.4832479953766,0,0,2
14,10,0,0,0.2778129577636719,2118.4833998680115,Quit,0,0
14,5,0,0.011237859725952148,0.035685062408447266,2122.560215950012,0,0,5
14,5,0,0,0.035852909088134766,2122.560383796692,Quit,0,0
14,5,0,0.27316808700561523,0.2774040699005127,2126.870745897293,0,1,2
14,5,0,0,0.2775609493255615,2126.870902776718,Quit,0,0
14,10,1,0.7171459197998047,2.002047061920166,2132.913540840149,0,58,4
14,10,1,0.7977039813995361,4.00310206413269,2134.9145958423615,0,58,1
14,10,1,0.4881021976470947,6.0041749477386475,2136.915668964386,0,57,2
14,10,1,0.457643985748291,8.005172967910767,2138.916666984558,0,57,1
14,10,1,0.46353602409362793,10.006242990493774,2140.917737007141,0,58,5
14,10,1,0.5299921035766602,12.007121086120605,2142.9186148643494,0,58,0
14,10,1,0.5822420120239258,14.008142948150635,2144.919636964798,0,58,5
14,10,1,0,14.008405923843384,2144.9198989868164,Reward,0,0
14,25,1,0.43785786628723145,2.0012331008911133,2152.973893880844,0,57,6
14,25,1,0.4906330108642578,4.0025060176849365,2154.9751658439636,0,58,2
14,25,1,0.4331049919128418,6.003600120544434,2156.9762609004974,0,58,5
14,25,1,0.5463829040527344,8.004641056060791,2158.977301836014,0,58,1
14,25,1,0.5728349685668945,10.00567102432251,2160.9783318042755,0,57,0
14,25,1,0.4227478504180908,12.006693124771118,2162.97935295105,0,57,6
14,25,1,0.5146658420562744,14.007527112960815,2164.980187892914,0,58,6
14,25,1,0,14.00777792930603,2164.9804389476776,Reward,0,0
14,10,0,0.2625250816345215,0.28749513626098633,2171.320864915848,0,0,3
14,10,0,0,0.287647008895874,2171.3210158348083,Quit,0,0
14,25,1,0.4624340534210205,2.0012660026550293,2177.3533799648285,0,57,1
14,25,1,0.5760719776153564,4.002333164215088,2179.35444688797,0,57,7
14,25,1,0.3982510566711426,6.003594160079956,2181.355707883835,0,58,5
14,25,1,0.7249021530151367,8.004692077636719,2183.3568058013916,0,57,2
14,25,1,0.4890170097351074,10.005671977996826,2185.3577859401703,0,58,1
14,25,1,0.4978749752044678,12.00668716430664,2187.3588008880615,0,58,4
14,25,1,0.4979410171508789,14.00780200958252,2189.359915971756,0,58,5
14,25,1,0,14.008076190948486,2189.360188961029,Reward,0,0
10,10,1,0.6661040782928467,2.016874074935913,2202.4667727947235,0,59,5
10,10,1,0.7140741348266602,4.001274108886719,2204.4511728286743,0,57,7
10,10,1,0.5193228721618652,6.00235915184021,2206.452258825302,0,58,6
10,10,1,0.5028300285339355,8.003237009048462,2208.4531359672546,0,58,2
10,10,1,0.4250040054321289,10.004438161849976,2210.4543368816376,0,58,2
10,10,1,0,10.004724979400635,2210.454623937607,Reward,0,0
10,25,1,0.7661888599395752,2.001349925994873,2222.510808944702,0,58,6
10,25,1,0.4769759178161621,4.002496004104614,2224.5119547843933,0,58,6
10,25,1,0.4893031120300293,6.003061056137085,2226.5125188827515,0,58,7
10,25,1,0.4577500820159912,8.004382133483887,2228.5138409137726,0,58,3
10,25,1,0.6649649143218994,10.0054349899292,2230.514894962311,0,57,7
10,25,1,0,10.00570797920227,2230.5151658058167,Reward,0,0
10,5,0,0.2597789764404297,0.2842280864715576,2240.854007959366,0,0,5
10,5,0,0,0.2849719524383545,2240.8547539711,Quit,0,0
10,5,0,0.215911865234375,0.21786904335021973,2249.1101269721985,0,2,0
10,5,0,0,0.21811199188232422,2249.1103689670563,Quit,0,0
10,25,1,0.5416419506072998,2.0011210441589355,2259.1466188430786,0,57,3
10,25,1,0.44269895553588867,4.002254962921143,2261.1477530002594,0,57,3
10,25,1,0.4805920124053955,6.0032570362091064,2263.148754835129,0,58,7
10,25,1,0.5702869892120361,8.004333019256592,2265.1498317718506,0,57,4
10,25,1,0.45931196212768555,10.0051109790802,2267.1506078243256,0,58,3
10,25,1,0,10.005357027053833,2267.150853872299,Reward,0,0
10,10,1,0.6157898902893066,2.017400026321411,2279.224076986313,0,59,2
10,10,1,0.9317810535430908,4.001353025436401,2281.208029985428,0,57,2
10,10,1,0.8313190937042236,6.002371072769165,2283.209047794342,0,58,0
10,10,1,0.6976919174194336,8.003489017486572,2285.210165977478,0,58,7
10,10,1,0.47452521324157715,10.004609107971191,2287.2112848758698,0,57,0
10,10,1,0,10.004877090454102,2287.2115528583527,Reward,0,0
10,5,0,0.2512168884277344,0.258220911026001,2297.524557828903,0,1,6
10,5,0,0,0.25882387161254883,2297.5251607894897,Quit,0,0
10,10,1,0.5500130653381348,2.0011138916015625,2307.5555629730225,0,58,4
10,10,1,0.4694859981536865,4.002048015594482,2309.556496858597,0,58,0
10,10,1,0.5513360500335693,6.0029449462890625,2311.5573937892914,0,58,6
10,10,1,0.4580550193786621,8.004132986068726,2313.558581829071,0,58,2
10,10,1,0.42403101921081543,10.005234956741333,2315.5596849918365,0,58,2
10,10,1,0,10.005522966384888,2315.559970855713,Reward,0,0
10,10,1,0.6727118492126465,2.0010318756103516,2327.615822792053,0,58,2
10,10,1,0.6474840641021729,4.002111911773682,2329.6169028282166,0,58,2
10,10,1,0.4793272018432617,6.0033628940582275,2331.618153810501,0,58,0
10,10,1,0.4269590377807617,8.004435777664185,2333.6192269325256,0,58,1
10,10,1,0.48462986946105957,10.005450963973999,2335.620241880417,0,57,1
10,10,1,0,10.00572395324707,2335.6205139160156,Reward,0,0
10,5,0,0.041892051696777344,0.06543207168579102,2346.4576230049133,0,0,2
10,5,0,0,0.0656130313873291,2346.4578018188477,Quit,0,0
10,25,1,0.5686099529266357,2.00004506111145,2356.497927904129,0,57,0
10,25,1,0.5523848533630371,4.000903844833374,2358.4987869262695,0,58,0
10,25,1,0.6986861228942871,6.001859903335571,2360.4997429847717,0,58,7
10,25,1,0.5096290111541748,8.002968072891235,2362.500850915909,0,57,1
10,25,1,0.5978379249572754,10.003964900970459,2364.5018479824066,0,58,7
10,25,1,0,10.004230976104736,2364.502112865448,Reward,0,0
10,25,1,0.7328240871429443,2.016784906387329,2376.5750308036804,0,59,7
10,25,1,0.6263389587402344,4.001232862472534,2378.559478998184,0,57,7
10,25,1,0.40656208992004395,6.002385854721069,2380.56063079834,0,58,3
10,25,1,0.5416619777679443,8.003383874893188,2382.5616297721863,0,57,2
10,25,1,0.5008609294891357,10.00422191619873,2384.562467813492,0,58,1
10,25,1,0,10.00528883934021,2384.563533782959,Reward,0,0
10,25,1,0.8814010620117188,2.017364025115967,2396.6357197761536,0,59,0
10,25,1,0.6648070812225342,4.001463890075684,2398.619819879532,0,57,4
10,25,1,0.49024105072021484,6.002516984939575,2400.620871782303,0,57,4
10,25,1,0.34975504875183105,8.003729104995728,2402.622083902359,0,58,3
10,25,1,0.7554478645324707,10.004861116409302,2404.623216867447,0,58,0
10,25,1,0,10.005116939544678,2404.6234707832336,Reward,0,0
10,10,1,0.630465030670166,2.000295877456665,2416.6795699596405,0,57,2
10,10,1,0.5316929817199707,4.001328945159912,2418.680602788925,0,58,7
10,10,1,0.5182740688323975,6.002449989318848,2420.681723833084,0,57,0
10,10,1,0.6929759979248047,8.00342583656311,2422.682699918747,0,57,2
10,10,1,0.5793390274047852,10.004462957382202,2424.6837379932404,0,57,0
10,10,1,0,10.00473690032959,2424.6840097904205,Reward,0,0
10,5,0,0.1301720142364502,0.13679099082946777,2434.8757050037384,0,1,6
10,5,0,0,0.1369471549987793,2434.875859975815,Quit,0,0
10,25,1,0.4545149803161621,2.0004470348358154,2444.911036968231,0,57,3
10,25,1,0.5250139236450195,4.001572132110596,2446.9121618270874,0,57,6
10,25,1,0.39197397232055664,6.002604007720947,2448.9131939411163,0,57,6
10,25,1,0.4964721202850342,8.003440141677856,2450.9140298366547,0,58,2
10,25,1,0.6813631057739258,10.004484176635742,2452.9150738716125,0,58,2
10,25,1,0,10.004736185073853,2452.9153249263763,Reward,0,0
10,5,0,0.06578707695007324,0.08928608894348145,2463.0604808330536,0,0,0
10,5,0,0,0.08944320678710938,2463.060636997223,Quit,0,0
10,10,1,0.5679519176483154,2.0023910999298096,2473.092597961426,0,58,6
10,10,1,0.5921449661254883,4.0028979778289795,2475.0930709838867,0,58,1
10,10,1,0.5496799945831299,6.004642963409424,2477.0948169231415,0,58,7
10,10,1,0.49394822120666504,8.005609035491943,2479.095782995224,0,58,3
10,10,1,0.6477818489074707,10.006606101989746,2481.096779823303,0,58,7
10,10,1,0,10.00688099861145,2481.097054004669,Reward,0,0
10,25,1,0.6503341197967529,2.0000498294830322,2493.15292096138,0,58,6
10,25,1,0.6452741622924805,4.0011208057403564,2495.1539928913116,0,57,7
10,25,1,0.7979109287261963,6.002239942550659,2497.155110836029,0,58,3
10,25,1,0.9315707683563232,8.003278970718384,2499.156149864197,0,58,1
10,25,1,0.6001858711242676,10.004318952560425,2501.157189846039,0,57,7
10,25,1,0,10.004585981369019,2501.157455921173,Reward,0,0
10,10,1,0.6986989974975586,2.0173139572143555,2513.2304668426514,0,59,7
10,10,1,0.5083799362182617,4.001356840133667,2515.2145099639893,0,56,5
10,10,1,0.4576418399810791,6.0024049282073975,2517.2155578136444,0,57,7
10,10,1,0.6359131336212158,8.003459930419922,2519.216612815857,0,57,3
10,10,1,0.6816120147705078,10.00512981414795,2521.2182829380035,0,58,4
10,10,1,0,10.00538182258606,2521.2185339927673,Reward,0,0
10,5,0,0.31526803970336914,0.31876397132873535,2531.591536998749,0,1,3
10,5,0,0,0.3189210891723633,2531.591693878174,Quit,0,0
10,25,1,0.5244350433349609,2.0011768341064453,2541.6284279823303,0,57,3
10,25,1,0.4836299419403076,4.00223183631897,2543.629482984543,0,57,3
10,25,1,0.5976948738098145,6.0033118724823,2545.6305627822876,0,58,6
10,25,2,0.848444938659668,8.00435185432434,2547.631603002548,0,58,0
10,25,1,0.4500141143798828,10.005420923233032,2549.6326718330383,0,57,1
10,25,1,0,10.005687952041626,2549.6329379081726,Reward,0,0
10,10,1,0.5995099544525146,2.000425100326538,2561.6890528202057,0,58,0
10,10,1,0.43639206886291504,4.0016090869903564,2563.6902368068695,0,57,6
10,10,1,0.445141077041626,6.0026609897613525,2565.691288948059,0,57,3
10,10,1,0.5609250068664551,8.003705024719238,2567.692332983017,0,57,2
10,10,1,0.68088698387146,10.004821062088013,2569.693447828293,0,58,4
10,10,1,0,10.005088090896606,2569.6937148571014,Reward,0,0
10,5,0,0.1482861042022705,0.15181207656860352,2579.9006898403168,0,2,3
10,5,0,0,0.1520709991455078,2579.9009490013123,Quit,0,0
10,10,1,0.8081941604614258,2.000515937805176,2589.937421798706,0,58,6
10,10,1,0.5633001327514648,4.00155782699585,2591.938462972641,0,58,4
10,10,1,0.48029279708862305,6.002677917480469,2593.9395837783813,0,58,7
10,10,1,0.6575281620025635,8.003708839416504,2595.940614938736,0,57,5
10,10,1,0.665057897567749,10.004817008972168,2597.941722869873,0,58,4
10,10,1,0,10.005064010620117,2597.9419689178467,Reward,0,0
10,25,1,0.5761849880218506,2.0002682209014893,2609.9980058670044,0,57,0
10,25,1,0.45799708366394043,4.001334190368652,2611.9990708827972,0,57,3
10,25,1,0.4584379196166992,6.002360105514526,2614.000096797943,0,57,6
10,25,1,0.6821708679199219,8.003457069396973,2616.001194000244,0,58,0
10,25,2,0.3693230152130127,10.004234075546265,2618.0019710063934,0,58,1
10,25,1,0,10.004501104354858,2618.0022377967834,Reward,0,0
