10,25,1,0.7577800750732422,1.999769926071167,9.06294298171997,0,58,1
10,25,2,0.99623703956604,4.0007569789886475,11.063930034637451,0,58,2
10,25,1,0.646773099899292,6.001744985580444,13.064918041229248,0,58,6
10,25,1,0.48141908645629883,8.002808094024658,15.065980911254883,0,58,2
10,25,1,0.7852158546447754,10.02052092552185,17.083693981170654,0,57,4
10,25,1,0,10.021706104278564,17.08487892150879,Reward,0,0
10,10,1,0.8680880069732666,2.0000851154327393,29.139829874038696,0,57,3
10,10,1,0.6177551746368408,4.017764091491699,31.157508850097656,0,57,7
10,10,1,0.5300788879394531,6.002326965332031,33.14207100868225,0,56,0
10,10,1,0.5485000610351562,8.003329038619995,35.14307403564453,0,58,7
10,10,2,0.6640701293945312,10.004348039627075,37.144091844558716,0,58,7
10,10,1,0,10.004618167877197,37.14436197280884,Reward,0,0
10,10,0,0.30922603607177734,0.31270503997802734,47.5125458240509,0,1,0
10,10,0,0,0.3134481906890869,47.51328897476196,Quit,0,0
10,5,0,0.29314517974853516,0.3062460422515869,55.86050581932068,0,1,7
10,5,0,0,0.30640506744384766,55.86066484451294,Quit,0,0
10,5,0,0.3243978023529053,0.3283529281616211,64.2201669216156,0,1,5
10,5,0,0,0.3285219669342041,64.22033596038818,Quit,0,0
10,25,1,0.5474350452423096,2.0166449546813965,74.27946996688843,0,59,7
10,25,1,0.7573211193084717,4.001306056976318,76.26412987709045,0,56,7
10,25,1,0.8315420150756836,6.002254962921143,78.26507997512817,0,58,7
10,25,1,0.7712240219116211,8.003293991088867,80.2661190032959,0,57,2
10,25,1,0.9643158912658691,10.004220008850098,82.26704502105713,0,58,2
10,25,1,0,10.004479169845581,82.26730298995972,Reward,0,0
10,10,1,0.701012134552002,2.0000710487365723,94.323401927948,0,57,6
10,10,1,0.515070915222168,4.000953912734985,96.32428503036499,0,58,0
10,10,1,0.391740083694458,6.001776933670044,98.32510805130005,0,58,3
10,10,1,0.4310619831085205,8.003021001815796,100.32635188102722,0,58,7
10,10,2,0.8633089065551758,10.004047870635986,102.32737898826599,0,58,7
10,10,1,0,10.004335880279541,102.32766604423523,Reward,0,0
10,25,1,0.660459041595459,2.0000550746917725,114.38350987434387,0,57,5
10,25,1,0.45089292526245117,4.0010340213775635,116.38448786735535,0,58,4
10,25,1,0.6429169178009033,6.018708944320679,118.40216183662415,0,57,7
10,25,1,0.43285298347473145,8.0031259059906,120.38657999038696,0,56,7
10,25,2,0.9966750144958496,10.004112005233765,122.38756585121155,0,58,6
10,25,1,0,10.004381895065308,122.38783502578735,Reward,0,0
10,25,1,0.5662291049957275,2.001173973083496,134.4437599182129,0,58,7
10,25,1,0.4048960208892822,4.002211093902588,136.4447958469391,0,58,4
10,25,2,0.6970579624176025,6.003221035003662,138.44580602645874,0,58,7
10,25,2,0.9144868850708008,8.00422215461731,140.4468069076538,0,58,4
10,25,2,0,8.00448203086853,140.4470658302307,Forced travel,0,0
10,10,1,0.8185470104217529,2.0011730194091797,150.48524498939514,0,58,0
10,10,1,0.5060789585113525,4.00192403793335,152.48599481582642,0,58,4
10,10,1,0.6977529525756836,6.0029590129852295,154.48702883720398,0,58,5
10,10,2,0.996845006942749,8.00399899482727,156.48807001113892,0,58,6
10,10,1,0.5416169166564941,10.005254030227661,158.4893250465393,0,58,3
10,10,1,0,10.005542039871216,158.48961281776428,Reward,0,0
10,5,0,0.30333995819091797,0.3099339008331299,168.85522484779358,0,1,7
10,5,0,0,0.31064391136169434,168.85593485832214,Quit,0,0
10,5,0,0.5086300373077393,0.5141000747680664,177.4126169681549,0,1,1
10,5,0,0,0.5142650604248047,177.41278195381165,Quit,0,0
10,10,0,0.41695690155029297,0.419097900390625,185.8719608783722,0,2,0
10,10,0,0,0.41936182975769043,185.87222504615784,Quit,0,0
10,10,1,0.535862922668457,2.0011119842529297,195.90832686424255,0,58,7
10,10,2,0.996675968170166,4.002097845077515,197.90931296348572,0,58,4
10,10,1,0.45806193351745605,6.002963066101074,199.9101779460907,0,58,4
10,10,1,0.7966089248657227,8.004004955291748,201.91121983528137,0,58,0
10,10,1,0.9147639274597168,10.005022048950195,203.91223692893982,0,58,4
10,10,1,0,10.005289077758789,203.9125030040741,Reward,0,0
10,5,0,0.29744791984558105,0.2994251251220703,214.26754593849182,0,2,0
10,5,0,0,0.29975318908691406,214.26787400245667,Quit,0,0
10,25,1,0.6180381774902344,2.000317096710205,224.30612587928772,0,57,6
10,25,2,1.0000410079956055,4.001105070114136,226.30691385269165,0,58,6
10,25,1,0.46535205841064453,6.002204179763794,228.30801391601562,0,58,7
10,25,1,0.4373970031738281,8.003445148468018,230.30925488471985,0,58,7
10,25,1,0.5867440700531006,10.004460096359253,232.31026983261108,0,57,3
10,25,1,0,10.00472903251648,232.3105390071869,Reward,0,0
10,25,1,0.4766271114349365,2.000596046447754,244.3664379119873,0,57,6
10,25,1,0.927570104598999,4.0015869140625,246.36742901802063,0,57,2
10,25,1,0.6974880695343018,6.002634048461914,248.36847591400146,0,58,7
10,25,1,0.695814847946167,8.00373101234436,250.3695728778839,0,57,5
10,25,1,0.53336501121521,10.004610061645508,252.37045192718506,0,57,1
10,25,1,0,10.004885911941528,252.37072682380676,Reward,0,0
10,5,0,0.43787288665771484,0.46131205558776855,262.8868579864502,0,0,7
10,5,0,0,0.4614598751068115,262.8870060443878,Quit,0,0
10,5,0,0.3503890037536621,0.3523538112640381,271.2820780277252,0,2,2
10,5,0,0,0.35260987281799316,271.2823338508606,Quit,0,0
10,10,0,0.29906296730041504,0.3227808475494385,279.6400020122528,0,0,4
10,10,0,0,0.3229329586029053,279.6401538848877,Quit,0,0
10,5,0,0.25466489791870117,0.27820301055908203,287.95050597190857,0,0,3
10,5,0,0,0.27893686294555664,287.95123982429504,Quit,0,0
10,10,0,0.31220102310180664,0.33574390411376953,296.32803082466125,0,0,7
10,10,0,0,0.3358950614929199,296.3281819820404,Quit,0,0
10,25,1,0.6156899929046631,2.017108917236328,306.3813648223877,0,59,3
10,25,1,0.6712360382080078,4.001168966293335,308.3654248714447,0,56,1
10,25,1,0.48372316360473633,6.00219202041626,310.3664479255676,0,57,0
10,25,2,0.948746919631958,8.003232955932617,312.367488861084,0,58,2
10,25,1,0.5601069927215576,10.004483938217163,314.36873984336853,0,58,2
10,25,1,0,10.004756927490234,314.3690118789673,Reward,0,0
10,25,1,0.6318869590759277,2.0012640953063965,326.42490792274475,0,57,2
10,25,1,0.6793079376220703,4.0190300941467285,328.4426739215851,0,57,4
10,25,1,0.5309529304504395,6.003050088882446,330.4266939163208,0,57,1
10,25,1,0.47299814224243164,8.004303932189941,332.4279479980469,0,58,4
10,25,1,0.5659639835357666,10.00533390045166,334.4289779663086,0,58,6
10,25,1,0,10.005621910095215,334.42926597595215,Reward,0,0
10,10,1,0.4631669521331787,1.9999709129333496,346.4848129749298,0,58,4
10,10,1,0.4101848602294922,4.001253128051758,348.48609495162964,0,58,7
10,10,1,0.5895371437072754,6.0022759437561035,350.48711705207825,0,57,5
10,10,1,0.7108099460601807,8.003330945968628,352.4881730079651,0,57,7
10,10,1,0.8988339900970459,10.004312992095947,354.4891538619995,0,58,6
10,10,1,0,10.00458312034607,354.48942494392395,Reward,0,0
10,10,0,0.2799549102783203,0.284074068069458,364.82822489738464,0,1,5
10,10,0,0,0.28424715995788574,364.8283989429474,Quit,0,0
10,25,1,0.6140711307525635,2.001230001449585,374.866250038147,0,57,4
10,25,1,0.5863800048828125,4.002225160598755,376.86724495887756,0,58,3
10,25,2,0.33685779571533203,6.002997159957886,378.8680169582367,0,58,2
10,25,1,0.5317561626434326,8.004004001617432,380.8690240383148,0,57,3
10,25,1,0.5484249591827393,10.005105018615723,382.87012481689453,0,58,4
10,25,1,0,10.005368947982788,382.8703889846802,Reward,0,0
10,5,0,0.7992630004882812,0.8227138519287109,393.7485890388489,0,0,7
10,5,0,0,0.8228759765625,393.7487509250641,Quit,0,0
10,5,0,0.2817049026489258,0.28834104537963867,402.06875681877136,0,1,6
10,5,0,0,0.2884972095489502,402.06891202926636,Quit,0,0
10,25,1,0.5730319023132324,2.0002191066741943,412.1016318798065,0,57,0
10,25,1,0.45049285888671875,4.00123405456543,414.10264801979065,0,57,2
10,25,1,0.6815412044525146,6.00226902961731,416.10368299484253,0,58,6
10,25,1,0.6127438545227051,8.003518104553223,418.10493183135986,0,58,0
10,25,1,0.5811688899993896,10.004532098770142,420.1059458255768,0,57,3
10,25,1,0,10.004807233810425,420.10622000694275,Reward,0,0
2,25,2,0.9983298778533936,2.0007870197296143,437.1977298259735,0,58,1
2,25,2,0,2.0019659996032715,437.19890904426575,Forced travel,0,0
2,5,1,0.6084549427032471,2.001214027404785,455.24054503440857,0,57,5
2,5,1,0,2.0015079975128174,455.2408380508423,Reward,0,0
2,10,1,0.4486880302429199,2.0167009830474854,475.3171408176422,0,59,1
2,10,1,0,2.016961097717285,475.3173999786377,Reward,0,0
2,5,1,0.4661719799041748,2.0171689987182617,495.39436888694763,0,59,4
2,5,1,0,2.0174570083618164,495.3946568965912,Reward,0,0
2,10,1,0.7601020336151123,2.0002880096435547,515.454540014267,0,58,1
2,10,1,0,2.0005791187286377,515.4548289775848,Reward,0,0
2,25,1,0.637779951095581,2.0011720657348633,535.5147259235382,0,57,7
2,25,1,0,2.0023388862609863,535.5158920288086,Reward,0,0
2,10,1,0.6094191074371338,2.0009689331054688,555.5747640132904,0,58,1
2,10,1,0,2.0012359619140625,555.5750298500061,Reward,0,0
2,25,1,0.5840888023376465,2.000278949737549,575.6349530220032,0,57,7
2,25,1,0,2.0014541149139404,575.6361289024353,Reward,0,0
2,5,1,0.7766540050506592,2.0002968311309814,595.6951639652252,0,57,5
2,5,1,0,2.0005619525909424,595.6954278945923,Reward,0,0
2,25,1,0.7787871360778809,2.0003299713134766,615.7554109096527,0,57,4
2,25,1,0,2.000574827194214,615.7556550502777,Reward,0,0
2,5,1,0.8144388198852539,2.0002951622009277,635.8156518936157,0,58,6
2,5,1,0,2.0005600452423096,635.8159158229828,Reward,0,0
2,10,1,0.9422178268432617,2.0006959438323975,655.8760938644409,0,58,1
2,10,1,0,2.0018460750579834,655.8772439956665,Reward,0,0
2,10,1,0.49634385108947754,2.0011661052703857,675.9362988471985,0,58,4
2,10,1,0,2.0014541149139404,675.9365859031677,Reward,0,0
2,25,1,0.6413609981536865,2.0002710819244385,695.9965219497681,0,57,0
2,25,1,0,2.001415967941284,695.9976658821106,Reward,0,0
2,5,0,0.6149859428405762,0.6169438362121582,714.6724610328674,0,2,3
2,5,0,0,0.6171989440917969,714.6727159023285,Quit,0,0
2,25,1,0.7175910472869873,1.9999358654022217,732.7150239944458,0,58,2
2,25,1,0,2.000180959701538,732.7152678966522,Reward,0,0
2,5,0,0.27041196823120117,0.27701401710510254,751.0518989562988,0,1,7
2,5,0,0,0.27716898918151855,751.0520539283752,Quit,0,0
2,10,1,0.6176998615264893,2.000688076019287,769.1004660129547,0,58,2
2,10,1,0,2.001840114593506,769.1016159057617,Reward,0,0
2,10,1,0.6795470714569092,2.001539945602417,789.1606588363647,0,57,7
2,10,1,0,2.001811981201172,789.1609299182892,Reward,0,0
2,5,0,0.899893045425415,0.9238672256469727,808.1435010433197,0,0,5
2,5,0,0,0.9245030879974365,808.1441378593445,Quit,0,0
2,25,1,0.6245629787445068,2.001140832901001,826.1795070171356,0,58,0
2,25,1,0,2.0014078617095947,826.1797728538513,Reward,0,0
2,5,0,0.7477359771728516,0.751910924911499,844.9913120269775,0,1,2
2,5,0,0,0.7525670528411865,844.9919679164886,Quit,0,0
14,5,0,1.0855870246887207,1.0856380462646484,867.1522278785706,0,2,6
14,5,0,0,1.085880994796753,867.1524708271027,Quit,0,0
14,5,0,0.36127305030822754,0.3655118942260742,871.5520548820496,0,1,2
14,5,0,0,0.3656740188598633,871.5522170066833,Quit,0,0
14,25,1,0.6822550296783447,2.016803026199341,877.605605840683,0,59,0
14,25,1,0.44634294509887695,4.001069068908691,879.5898718833923,0,57,3
14,25,1,0.614642858505249,6.002140045166016,881.5909428596497,0,58,3
14,25,1,0.6920678615570068,8.00312614440918,883.5919289588928,0,57,7
14,25,1,0.7149960994720459,10.004112005233765,885.5929148197174,0,58,1
14,25,1,0.4202759265899658,12.005379915237427,887.5941820144653,0,58,4
14,25,1,0.5141360759735107,14.006426095962524,889.5952289104462,0,58,5
14,25,1,0,14.006696939468384,889.5954999923706,Reward,0,0
14,25,1,0.49149298667907715,2.001239061355591,897.6493039131165,0,57,1
14,25,1,0.5979030132293701,4.002238035202026,899.6503028869629,0,58,6
14,25,2,0.4303429126739502,6.002948999404907,901.6510128974915,0,58,0
14,25,1,0.4309380054473877,8.004359006881714,903.6524238586426,0,58,3
14,25,1,0.4800090789794922,10.005351066589355,905.6534159183502,0,57,6
14,25,1,0.5593688488006592,12.006357908248901,907.6544229984283,0,57,0
14,25,1,0.49605393409729004,13.990504026412964,909.6385688781738,0,56,4
14,25,1,0,13.990772008895874,909.6388359069824,Reward,0,0
14,10,0,0.28456902503967285,0.28807997703552246,915.9795169830322,0,1,3
14,10,0,0,0.28824591636657715,915.979681968689,Quit,0,0
14,10,0,0.2660501003265381,0.26821208000183105,920.2794148921967,0,2,6
14,10,0,0,0.26929807662963867,920.2805018424988,Quit,0,0
14,10,0,0.2723419666290283,0.27721595764160156,924.589686870575,0,1,0
14,10,0,0,0.27738189697265625,924.5898530483246,Quit,0,0
14,5,0,0.29955101013183594,0.30150794982910156,928.9337649345398,0,2,2
14,5,0,0,0.30176591873168945,928.9340229034424,Quit,0,0
14,10,2,0.598717212677002,2.016749858856201,934.9847869873047,0,59,7
14,10,1,0.5813558101654053,4.001056909561157,936.9690940380096,0,57,1
14,10,1,0.46352314949035645,6.00205397605896,938.9700908660889,0,58,5
14,10,1,0.5555429458618164,8.003140926361084,940.9711790084839,0,57,1
14,10,1,0.504662036895752,10.004413843154907,942.9724509716034,0,58,6
14,10,1,0.6015188694000244,12.005355834960938,944.9733929634094,0,57,5
14,10,1,0.7145709991455078,14.006403923034668,946.9744410514832,0,58,6
14,10,1,0,14.007549047470093,946.9755849838257,Reward,0,0
14,5,0,0.25023388862609863,0.2523529529571533,953.2796969413757,0,2,0
14,5,0,0,0.2525949478149414,953.2799389362335,Quit,0,0
14,25,1,0.44937610626220703,2.0012309551239014,959.3138248920441,0,58,1
14,25,1,0.43157410621643066,4.002213001251221,961.3148069381714,0,58,0
14,25,1,0.6871840953826904,6.003500938415527,963.3160948753357,0,58,0
14,25,1,0.47342801094055176,8.00425100326538,965.3168439865112,0,56,6
14,25,1,0.6315031051635742,10.005287885665894,967.3178818225861,0,58,0
14,25,1,0.5918810367584229,12.006486892700195,969.3190808296204,0,58,0
14,25,1,0.45859599113464355,14.007560968399048,971.3201549053192,0,58,4
14,25,1,0,14.007850885391235,971.3204438686371,Reward,0,0
14,25,1,0.496319055557251,2.001242160797119,979.3742918968201,0,57,6
14,25,1,0.4159212112426758,4.002042055130005,981.3750920295715,0,58,5
14,25,1,0.5134921073913574,6.003054141998291,983.3761038780212,0,58,2
14,25,1,0.6311709880828857,8.004322052001953,985.3773708343506,0,58,2
14,25,1,0.5797131061553955,10.005308151245117,987.3783578872681,0,58,1
14,25,2,0.5646328926086426,12.006334066390991,989.3793840408325,0,58,0
14,25,1,0.47860193252563477,13.990446090698242,991.3634958267212,0,56,1
14,25,1,0,13.99071216583252,991.3637619018555,Reward,0,0
14,10,0,0.2921450138092041,0.29758691787719727,997.7150428295135,0,1,4
14,10,0,0,0.29775500297546387,997.7152109146118,Quit,0,0
14,25,1,0.483320951461792,2.0012409687042236,1003.7531449794769,0,58,0
14,25,1,0.640625,4.002514123916626,1005.7544178962708,0,58,6
14,25,2,0.43648791313171387,6.003512144088745,1007.7554168701172,0,58,6
14,25,1,0.6306638717651367,8.004578113555908,1009.7564809322357,0,58,2
14,25,1,0.5067799091339111,10.005306959152222,1011.7572109699249,0,58,0
14,25,1,0.7146110534667969,12.006324052810669,1013.7582278251648,0,58,5
14,25,1,0.5771639347076416,13.990906953811646,1015.74281001091,0,56,2
14,25,1,0,13.991180181503296,1015.7430830001831,Reward,0,0
14,10,0,0.2749950885772705,0.29876708984375,1022.0944979190826,0,0,7
14,10,0,0,0.29894399642944336,1022.0946748256683,Quit,0,0
14,5,0,0.31731414794921875,0.32077503204345703,1026.4530868530273,0,1,0
14,5,0,0,0.32092714309692383,1026.4532389640808,Quit,0,0
14,25,1,0.6534008979797363,2.0000829696655273,1032.484447002411,0,58,0
14,25,1,0.9325919151306152,4.017759084701538,1034.5021228790283,0,57,5
14,25,1,0.4816429615020752,6.002308130264282,1036.486671924591,0,57,0
14,25,1,0.4776279926300049,8.003199100494385,1038.4875628948212,0,58,0
14,25,1,0.43104982376098633,10.004163980484009,1040.4885280132294,0,58,1
14,25,1,0.42995691299438477,12.005169153213501,1042.4895329475403,0,58,0
14,25,1,0.5320100784301758,14.006173133850098,1044.4905378818512,0,57,5
14,25,1,0,14.00643801689148,1044.4908020496368,Reward,0,0
14,5,0,0.31455492973327637,0.3165309429168701,1050.8607640266418,0,2,4
14,5,0,0,0.31683897972106934,1050.8610708713531,Quit,0,0
14,10,1,0.6475520133972168,2.000530958175659,1056.8971998691559,0,58,6
14,10,1,0.7313480377197266,4.001497030258179,1058.8981659412384,0,58,7
14,10,1,0.6820080280303955,6.002488851547241,1060.899158000946,0,57,7
14,10,1,0.409149169921875,8.003479957580566,1062.9001488685608,0,58,4
14,10,1,0.463001012802124,10.004495859146118,1064.901165008545,0,58,3
14,10,1,0.6222858428955078,12.00547981262207,1066.9021489620209,0,57,4
14,10,1,0.4804658889770508,14.006547927856445,1068.9032168388367,0,58,0
14,10,1,0,14.006819009780884,1068.9034869670868,Reward,0,0
14,5,0,0.22773289680480957,0.23192811012268066,1075.1874499320984,0,1,5
14,5,0,0,0.23210716247558594,1075.187628030777,Quit,0,0
14,10,0,0.04248213768005371,0.04904603958129883,1079.2750689983368,0,1,7
14,10,0,0,0.04922294616699219,1079.2752468585968,Quit,0,0
14,25,1,0.48224306106567383,2.0168230533599854,1085.3281338214874,0,59,0
14,25,1,0.4980499744415283,4.001132011413574,1087.3124418258667,0,57,7
14,25,1,0.4965329170227051,6.002099990844727,1089.3134109973907,0,58,3
14,25,1,0.41042208671569824,8.00337815284729,1091.3146889209747,0,58,3
14,25,1,0.4847559928894043,10.004335165023804,1093.3156459331512,0,58,7
14,25,1,0.4463469982147217,12.005154132843018,1095.3164649009705,0,58,3
14,25,1,0.44049906730651855,14.006150007247925,1097.317459821701,0,57,0
14,25,1,0,14.007272958755493,1097.3185830116272,Reward,0,0
14,5,0,0.3341867923736572,0.33963894844055176,1103.7100338935852,0,1,4
14,5,0,0,0.33979201316833496,1103.7101860046387,Quit,0,0
14,25,1,0.49375391006469727,2.001405954360962,1109.7407348155975,0,58,7
14,25,1,0.4520139694213867,4.002476930618286,1111.7418060302734,0,57,3
14,25,1,0.49757981300354004,6.003464937210083,1113.7427940368652,0,58,7
14,25,1,0.5689618587493896,8.004478931427002,1115.7438080310822,0,57,5
14,25,1,0.5003621578216553,10.005399942398071,1117.7447290420532,0,58,0
14,25,1,0.4343249797821045,12.00648307800293,1119.7458119392395,0,57,0
14,25,1,0.4819521903991699,14.007484912872314,1121.7468140125275,0,58,5
14,25,1,0,14.007755994796753,1121.747083902359,Reward,0,0
14,5,0,0.2836620807647705,0.28746819496154785,1128.088093996048,0,1,0
14,5,0,0,0.2881309986114502,1128.0887570381165,Quit,0,0
14,10,0,0.28606700897216797,0.2926769256591797,1132.411938905716,0,1,7
14,10,0,0,0.29283785820007324,1132.4120998382568,Quit,0,0
14,5,0,0.23296689987182617,0.23491501808166504,1136.6900029182434,0,2,0
14,5,0,0,0.2351679801940918,1136.6902558803558,Quit,0,0
14,25,2,0.42154693603515625,2.0002169609069824,1142.7239270210266,0,57,4
14,25,1,0.006570100784301758,4.001346111297607,1144.7250559329987,0,57,6
14,25,1,0.5412459373474121,6.002358913421631,1146.7260689735413,0,57,0
14,25,1,0.4390079975128174,8.003596067428589,1148.7273058891296,0,58,5
14,25,1,0.6607029438018799,10.004614114761353,1150.7283239364624,0,58,6
14,25,1,0.8431069850921631,12.005610942840576,1152.7293210029602,0,57,2
14,25,1,0.6642708778381348,14.006546020507812,1154.7302558422089,0,58,7
14,25,1,0,14.00679898262024,1154.730507850647,Reward,0,0
14,10,1,0.4915149211883545,1.999833106994629,1162.7841589450836,0,58,4
14,10,1,0.49729204177856445,4.000865936279297,1164.7851920127869,0,58,1
14,10,1,0.6392350196838379,6.001885890960693,1166.786211013794,0,57,0
14,10,1,0.5054819583892822,8.00291109085083,1168.7872369289398,0,57,6
14,10,1,0.45252203941345215,10.004172086715698,1170.788498878479,0,58,3
14,10,2,0.5143330097198486,12.005203008651733,1172.7895288467407,0,58,5
14,10,1,0.4827589988708496,14.00618600845337,1174.7905118465424,0,58,6
14,10,1,0,14.006448984146118,1174.790774822235,Reward,0,0
14,25,1,0.6649279594421387,2.001188039779663,1182.8446629047394,0,58,0
14,25,1,0.5141339302062988,4.00218391418457,1184.8456590175629,0,58,4
14,25,1,0.4808940887451172,6.003194093704224,1186.846668958664,0,58,2
14,25,1,0.4640488624572754,8.004245042800903,1188.8477199077606,0,58,4
14,25,1,0.47463202476501465,10.021875858306885,1190.8653519153595,0,57,3
14,25,1,0.44408082962036133,12.006234884262085,1192.849709033966,0,57,3
14,25,2,0.3967578411102295,14.007046937942505,1194.8505220413208,0,58,1
14,25,1,0,14.007309913635254,1194.8507850170135,Reward,0,0
14,25,1,0.48821115493774414,2.001459836959839,1202.904855966568,0,58,1
14,25,1,0.5853750705718994,4.0025129318237305,1204.9059088230133,0,57,5
14,25,1,0.41935300827026367,6.003603935241699,1206.9069998264313,0,57,0
14,25,1,0.504802942276001,8.004562854766846,1208.907958984375,0,58,7
14,25,1,0.40945887565612793,10.005334854125977,1210.9087309837341,0,58,4
14,25,1,0.5802669525146484,12.006612062454224,1212.9100079536438,0,58,6
14,25,1,0.505418062210083,13.99075198173523,1214.8941478729248,0,56,6
14,25,1,0,13.991018056869507,1214.894413948059,Reward,0,0
14,5,0,0.29573798179626465,0.30119991302490234,1221.2481398582458,0,1,1
14,5,0,0,0.30191588401794434,1221.248855829239,Quit,0,0
14,25,1,0.49840807914733887,2.0012459754943848,1227.283802986145,0,58,4
14,25,2,0.44874095916748047,4.002150058746338,1229.2847080230713,0,57,4
14,25,1,0.5612630844116211,6.003162145614624,1231.2857189178467,0,57,6
14,25,1,0.7425069808959961,8.004307985305786,1233.2868649959564,0,57,1
14,25,1,0.5161240100860596,10.005524158477783,1235.2880809307098,0,58,0
14,25,1,0.6107850074768066,12.006493091583252,1237.2890498638153,0,57,0
14,25,1,0.5176379680633545,14.007572174072266,1239.2901289463043,0,58,1
14,25,1,0,14.007840156555176,1239.290395975113,Reward,0,0
14,10,0,0.3344588279724121,0.3364071846008301,1245.6786739826202,0,2,4
14,10,0,0,0.33665919303894043,1245.6789259910583,Quit,0,0
14,10,1,0.4655280113220215,2.017216920852661,1251.7297818660736,0,59,2
14,10,1,0.435880184173584,4.001515865325928,1253.7140810489655,0,57,6
14,10,2,0.5889959335327148,6.002546787261963,1255.7151129245758,0,57,7
14,10,2,0.5147669315338135,8.003558874130249,1257.7161238193512,0,58,6
14,10,2,0,8.003821849822998,1257.7163870334625,Forced travel,0,0
14,5,0,0.2754850387573242,0.2988870143890381,1262.0509009361267,0,0,1
14,5,0,0,0.29904794692993164,1262.0510609149933,Quit,0,0
14,10,0,0.26592516899108887,0.2678840160369873,1266.3555760383606,0,2,2
14,10,0,0,0.2681291103363037,1266.3558208942413,Quit,0,0
14,5,0,0.2687108516693115,0.292618989944458,1270.6814320087433,0,0,7
14,5,0,0,0.2927830219268799,1270.6815969944,Quit,0,0
14,10,0,0.4521799087524414,0.4758021831512451,1275.1843450069427,0,0,4
14,10,0,0,0.47596001625061035,1275.1845028400421,Quit,0,0
0,0,0,99,0,1277.1922688484192,Break,0,0
10,10,2,0.8803400993347168,2.001399040222168,1289.7489168643951,0,57,5
10,10,1,0.5446889400482178,4.002624034881592,1291.7501409053802,0,58,4
10,10,1,0.5391340255737305,6.00362491607666,1293.751142024994,0,57,0
10,10,1,0.5864348411560059,8.004662990570068,1295.7521789073944,0,58,4
10,10,1,0.8143661022186279,10.00570297241211,1297.7532198429108,0,58,1
10,10,1,0,10.00597596168518,1297.7534918785095,Reward,0,0
10,5,1,0.6545131206512451,2.000291109085083,1309.809322834015,0,57,2
10,5,1,0.4188239574432373,4.001084089279175,1311.8101148605347,0,58,7
10,5,2,0.8324098587036133,6.002098083496094,1313.8111279010773,0,58,5
10,5,1,0.6476550102233887,8.003189086914062,1315.8122198581696,0,58,6
10,5,1,0.7321548461914062,10.004141092300415,1317.813171863556,0,58,6
10,5,1,0,10.004407167434692,1317.8134369850159,Reward,0,0
10,10,0,0.6836087703704834,0.6855809688568115,1328.554699897766,0,2,0
10,10,0,0,0.6858289241790771,1328.5549490451813,Quit,0,0
10,25,1,0.9026088714599609,2.001945972442627,1338.5907340049744,0,57,7
10,25,1,0.7006051540374756,4.002892017364502,1340.5916810035706,0,57,7
10,25,1,0.5965261459350586,6.003970146179199,1342.5927579402924,0,58,4
10,25,1,0.5667359828948975,8.004878044128418,1344.5936658382416,0,57,0
10,25,1,0.9811608791351318,10.006014108657837,1346.594801902771,0,57,5
10,25,1,0,10.006284952163696,1346.5950720310211,Reward,0,0
10,5,0,0.38036417961120605,0.40391111373901367,1357.0536708831787,0,0,0
10,5,0,0,0.40416717529296875,1357.0539269447327,Quit,0,0
10,25,2,0.9987659454345703,2.0012598037719727,1367.0885519981384,0,58,0
10,25,1,0.6472439765930176,4.002236843109131,1369.0895278453827,0,58,2
10,25,1,0.5899209976196289,6.00325083732605,1371.0905418395996,0,58,2
10,25,1,0.4380910396575928,8.004052877426147,1373.091344833374,0,58,7
10,25,1,0.5708520412445068,10.00509786605835,1375.0923898220062,0,57,0
10,25,1,0,10.00540280342102,1375.0926940441132,Reward,0,0
10,25,1,0.8362181186676025,2.000269889831543,1387.1485970020294,0,57,1
10,25,1,0.6680397987365723,4.001230001449585,1389.1495568752289,0,57,4
10,25,1,0.8473649024963379,6.00227689743042,1391.1506040096283,0,57,7
10,25,1,0.6344950199127197,8.003468036651611,1393.151794910431,0,58,0
10,25,1,0.4976320266723633,10.004512071609497,1395.1528389453888,0,58,1
10,25,1,0,10.004783868789673,1395.1531100273132,Reward,0,0
10,25,1,0.5581669807434082,2.0012340545654297,1407.209039926529,0,58,7
10,25,1,0.5144071578979492,4.002200126647949,1409.2100069522858,0,58,0
10,25,1,0.6027829647064209,6.003206968307495,1411.211014032364,0,57,6
10,25,1,0.44878387451171875,8.004255056381226,1413.212061882019,0,58,0
10,25,1,0.6810710430145264,10.00518012046814,1415.2129878997803,0,58,0
10,25,1,0,10.005433082580566,1415.213238954544,Reward,0,0
10,10,0,0.31577205657958984,0.3177149295806885,1425.5866708755493,0,2,6
10,10,0,0,0.31788086891174316,1425.586835861206,Quit,0,0
10,10,0,0.38263392448425293,0.38474392890930176,1434.0079429149628,0,2,7
10,10,0,0,0.3858058452606201,1434.009004831314,Quit,0,0
10,5,0,0.368257999420166,0.37374210357666016,1442.4167070388794,0,1,1
10,5,0,0,0.37389588356018066,1442.4168620109558,Quit,0,0
10,5,0,0.6002631187438965,0.6023800373077393,1451.0496289730072,0,2,6
10,5,0,0,0.6026358604431152,1451.0498850345612,Quit,0,0
10,5,0,0.31229591369628906,0.31886792182922363,1459.4050929546356,0,1,7
10,5,0,0,0.31953978538513184,1459.4057660102844,Quit,0,0
10,5,1,0.69775390625,2.0001070499420166,1469.4404919147491,0,58,7
10,5,1,0.7559709548950195,4.001139879226685,1471.4415249824524,0,57,5
10,5,1,0.5688230991363525,6.00238299369812,1473.4427678585052,0,58,6
10,5,1,0.4948768615722656,8.003355026245117,1475.4437398910522,0,58,6
10,5,1,0.7139999866485596,10.004366874694824,1477.4447519779205,0,58,6
10,5,1,0,10.004637956619263,1477.4450228214264,Reward,0,0
10,25,1,0.6321849822998047,2.016716957092285,1489.5173609256744,0,59,1
10,25,1,0.947598934173584,4.001312971115112,1491.5019569396973,0,57,5
10,25,1,0.46789097785949707,6.018985986709595,1493.519630908966,0,57,3
10,25,1,0.496366024017334,8.003382921218872,1495.5040278434753,0,57,3
10,25,1,0.5987238883972168,10.004410982131958,1497.5050559043884,0,57,2
10,25,1,0,10.004684925079346,1497.5053288936615,Reward,0,0
10,10,0,0.37169909477233887,0.39538002014160156,1507.9553258419037,0,0,5
10,10,0,0,0.39563703536987305,1507.955582857132,Quit,0,0
10,10,0,0.3373570442199707,0.34082984924316406,1516.3383598327637,0,1,3
10,10,0,0,0.34097981452941895,1516.3385088443756,Quit,0,0
10,25,1,0.6262969970703125,2.0012059211730957,1526.3697118759155,0,58,0
10,25,1,0.6316330432891846,4.002208948135376,1528.3707149028778,0,58,2
10,25,1,0.44744300842285156,6.003245830535889,1530.371752023697,0,58,1
10,25,2,0.4423189163208008,8.004031896591187,1532.3725378513336,0,58,2
10,25,1,0.634376049041748,10.005324840545654,1534.3738310337067,0,58,2
10,25,1,0,10.00561785697937,1534.3741228580475,Reward,0,0
10,10,0,0.49948716163635254,0.5014920234680176,1544.931100845337,0,2,3
10,10,0,0,0.5017271041870117,1544.931335926056,Quit,0,0
10,25,1,0.7566781044006348,2.0002059936523438,1554.967316865921,0,57,7
10,25,1,0.5297741889953613,4.00127387046814,1556.968384027481,0,57,2
10,25,1,0.5192530155181885,6.002536058425903,1558.9696469306946,0,58,3
10,25,1,0.4640951156616211,8.003555059432983,1560.9706659317017,0,58,2
10,25,1,0.6075248718261719,10.004536867141724,1562.971647977829,0,58,6
10,25,1,0,10.004812002182007,1562.9719219207764,Reward,0,0
10,10,0,0.3431720733642578,0.36675095558166504,1573.3943538665771,0,0,1
10,10,0,0,0.3669168949127197,1573.3945200443268,Quit,0,0
10,25,1,0.48195385932922363,1.999964952468872,1583.4318778514862,0,58,4
10,25,1,0.5473570823669434,4.000988960266113,1585.4329009056091,0,58,3
10,25,1,0.8496770858764648,6.001878023147583,1587.4337899684906,0,57,5
10,25,1,0.5113339424133301,8.00288987159729,1589.4348030090332,0,57,2
10,25,1,0.4148530960083008,10.00383186340332,1591.435744047165,0,57,3
10,25,1,0,10.004101037979126,1591.4360139369965,Reward,0,0
10,5,0,0.5330359935760498,0.534998893737793,1602.0268778800964,0,2,7
10,5,0,0,0.5352389812469482,1602.0271179676056,Quit,0,0
10,5,0,0.3146510124206543,0.3188610076904297,1610.381021976471,0,1,2
10,5,0,0,0.3195500373840332,1610.3817110061646,Quit,0,0
10,5,0,0.3437778949737549,0.347797155380249,1618.7642369270325,0,1,5
10,5,0,0,0.34796810150146484,1618.7644078731537,Quit,0,0
10,10,1,0.6837539672851562,2.001209020614624,1628.805270910263,0,58,0
10,10,2,0.8150269985198975,4.002255916595459,1630.8063189983368,0,58,7
10,10,1,0.43132805824279785,6.003197908401489,1632.8072609901428,0,58,7
10,10,1,0.3805580139160156,8.005244016647339,1634.80930685997,0,58,1
10,10,1,0.4472191333770752,10.005238056182861,1636.8093008995056,0,58,4
10,10,1,0,10.00642204284668,1636.8104839324951,Reward,0,0
10,10,0,0.31610584259033203,0.31807994842529297,1647.1833670139313,0,2,4
10,10,0,0,0.31831908226013184,1647.1836059093475,Quit,0,0
10,25,1,0.5645191669464111,2.0009372234344482,1657.2197649478912,0,58,1
10,25,2,0.47601795196533203,4.0016560554504395,1659.2204840183258,0,58,2
10,25,1,0.5601580142974854,6.00249719619751,1661.2213249206543,0,57,2
10,25,1,0.5652029514312744,8.003693103790283,1663.222520828247,0,58,7
10,25,1,0.5133571624755859,10.005488157272339,1665.2243168354034,0,58,7
10,25,1,0,10.005742073059082,1665.2245688438416,Reward,0,0
10,5,0,0.2835559844970703,0.2892918586730957,1675.568051815033,0,1,4
10,5,0,0,0.28996801376342773,1675.5687289237976,Quit,0,0
10,25,1,0.7029879093170166,2.0002570152282715,1685.600879907608,0,57,4
10,25,1,0.4219989776611328,4.001222848892212,1687.6018459796906,0,57,3
10,25,2,0.9968321323394775,6.002346038818359,1689.6029689311981,0,58,7
10,25,1,0.4645659923553467,8.003238916397095,1691.6038620471954,0,58,5
10,25,1,0.5664639472961426,10.00396203994751,1693.6045849323273,0,56,4
10,25,1,0,10.00420594215393,1693.6048278808594,Reward,0,0
2,25,1,0.6488239765167236,2.0169599056243896,1710.7134699821472,0,59,3
2,25,1,0,2.0172080993652344,1710.7137169837952,Reward,0,0
2,5,1,0.6852948665618896,2.0004160404205322,1730.7738769054413,0,58,7
2,5,1,0,2.0016140937805176,1730.7750749588013,Reward,0,0
2,5,1,0.7199718952178955,2.0011420249938965,1750.8340859413147,0,58,0
2,5,1,0,2.0014288425445557,1750.8343720436096,Reward,0,0
2,10,1,0.5489020347595215,2.0167179107666016,1770.9107508659363,0,59,5
2,10,1,0,2.0178749561309814,1770.9119079113007,Reward,0,0
2,25,1,0.6685590744018555,2.000257968902588,1790.9709649085999,0,57,0
2,25,1,0,2.0005249977111816,1790.9712319374084,Reward,0,0
2,10,2,0.6143131256103516,2.0002400875091553,1811.031210899353,0,57,7
2,10,2,0,2.0004940032958984,1811.0314638614655,Forced travel,0,0
2,25,1,0.6135530471801758,2.001168966293335,1829.073933839798,0,57,0
2,25,1,0,2.0014400482177734,1829.074203968048,Reward,0,0
2,25,1,0.5989530086517334,2.0002269744873047,1849.1342358589172,0,58,6
2,25,1,0,2.001325845718384,1849.1353340148926,Reward,0,0
2,10,1,0.5953600406646729,2.001201868057251,1869.1944210529327,0,57,3
2,10,1,0,2.001487970352173,1869.1947059631348,Reward,0,0
2,10,1,0.5822880268096924,2.000014066696167,1889.25430893898,0,58,5
2,10,1,0,2.0010740756988525,1889.2553689479828,Reward,0,0
2,5,1,0.7170817852020264,2.0005381107330322,1909.3148839473724,0,58,6
2,5,1,0,2.0016720294952393,1909.3160169124603,Reward,0,0
2,5,1,0.8486409187316895,2.001248836517334,1929.3750619888306,0,57,1
2,5,1,0,2.001520872116089,1929.3753328323364,Reward,0,0
2,5,2,0.7199399471282959,2.001223087310791,1949.4353449344635,0,57,5
2,5,2,0,2.0014829635620117,1949.4356038570404,Forced travel,0,0
2,25,1,0.5928177833557129,2.0013179779052734,1967.4776680469513,0,57,6
2,25,1,0,2.002439022064209,1967.4787888526917,Reward,0,0
2,10,1,0.5831217765808105,2.0002119541168213,1987.5377750396729,0,57,6
2,10,1,0,2.000478982925415,1987.5380418300629,Reward,0,0
2,25,1,0.7423489093780518,2.000284194946289,2007.5980999469757,0,57,0
2,25,1,0,2.001399040222168,2007.5992150306702,Reward,0,0
2,5,1,0.6452240943908691,2.0012121200561523,2027.6582379341125,0,57,0
2,5,1,0,2.0023560523986816,2027.659381866455,Reward,0,0
2,10,1,0.5832369327545166,2.0171730518341064,2047.7354190349579,0,59,2
2,10,1,0,2.0174460411071777,2047.735692024231,Reward,0,0
2,5,1,0.5918571949005127,2.00124192237854,2067.7956478595734,0,57,0
2,5,1,0,2.0015108585357666,2067.7959158420563,Reward,0,0
2,10,1,0.6852149963378906,2.0012850761413574,2087.8559079170227,0,57,2
2,10,1,0,2.002466917037964,2087.857089996338,Reward,0,0
2,25,1,0.586082935333252,2.001232147216797,2107.9161219596863,0,57,2
2,25,1,0,2.0015170574188232,2107.9164068698883,Reward,0,0
14,10,0,0.47937583923339844,0.4860050678253174,2131.4981038570404,0,1,6
14,10,0,0,0.486159086227417,2131.498256921768,Quit,0,0
14,5,0,0.2765929698944092,0.30048608779907227,2135.8311529159546,0,0,4
14,5,0,0,0.30065107345581055,2135.8313179016113,Quit,0,0
14,25,1,0.6172699928283691,2.001120090484619,2141.866436958313,0,58,4
14,25,2,0.631476879119873,4.00217604637146,2143.8674929142,0,58,4
14,25,1,0.700300931930542,6.003154039382935,2145.868469953537,0,57,1
14,25,1,0.5154438018798828,8.004492044448853,2147.869808912277,0,58,7
14,25,1,0.5521330833435059,10.005450010299683,2149.870766878128,0,58,0
14,25,2,0.9471220970153809,12.006533861160278,2151.871850967407,0,58,7
14,25,2,0,12.006815910339355,2151.8721318244934,Forced travel,0,0
14,5,0,0.23664498329162598,0.2408428192138672,2156.147869825363,0,1,2
14,5,0,0,0.24102497100830078,2156.1480519771576,Quit,0,0
14,10,0,0.2611660957336426,0.26812100410461426,2160.4440088272095,0,1,7
14,10,0,0,0.2682809829711914,2160.4441690444946,Quit,0,0
14,25,1,0.5121059417724609,2.0011510848999023,2166.4792149066925,0,58,5
14,25,1,0.44864511489868164,4.002156019210815,2168.4802198410034,0,58,3
14,25,1,0.5693061351776123,6.003253936767578,2170.4813179969788,0,57,1
14,25,1,0.5329558849334717,8.004257917404175,2172.4823219776154,0,57,3
14,25,2,0.46638989448547363,10.005051136016846,2174.4831149578094,0,58,6
14,25,2,0.49787378311157227,12.007659912109375,2176.4857230186462,0,58,6
14,25,2,0,12.007903099060059,2176.4859659671783,Forced travel,0,0
14,10,0,0.3594381809234619,0.36400914192199707,2180.8842899799347,0,1,2
14,10,0,0,0.36472201347351074,2180.885002851486,Quit,0,0
14,5,0,0.24597692489624023,0.252626895904541,2185.175122022629,0,1,6
14,5,0,0,0.2527909278869629,2185.1752848625183,Quit,0,0
14,25,1,0.6606278419494629,2.0001280307769775,2191.2083690166473,0,57,7
14,25,1,0.4451780319213867,4.001374006271362,2193.2096149921417,0,58,5
14,25,1,0.4306190013885498,6.0024330615997314,2195.21067404747,0,58,1
14,25,1,0.6475880146026611,8.003367185592651,2197.2116079330444,0,58,4
14,25,1,0.4908411502838135,10.004379034042358,2199.2126200199127,0,58,6
14,25,1,0.6818530559539795,12.005370140075684,2201.2136108875275,0,58,6
14,25,1,0.697890043258667,14.006440162658691,2203.2146809101105,0,58,5
14,25,1,0,14.006707191467285,2203.214947938919,Reward,0,0
14,10,2,0.9994280338287354,2.0020499229431152,2211.2687289714813,0,58,2
14,10,1,0.7279319763183594,4.002838134765625,2213.269515991211,0,58,1
14,10,1,0.6101210117340088,6.00386905670166,2215.2705478668213,0,57,7
14,10,1,0.4810171127319336,8.004868984222412,2217.2715480327606,0,58,1
14,10,1,0.6980810165405273,10.00589108467102,2219.2725698947906,0,58,7
14,10,1,0.4950840473175049,11.990451097488403,2221.257129907608,0,56,6
14,10,2,0.5813817977905273,14.007995128631592,2223.274673938751,0,59,4
14,10,2,0,14.008255958557129,2223.2749338150024,Forced travel,0,0
14,25,1,0.49156713485717773,2.000067949295044,2229.31134390831,0,57,6
14,25,1,0.4021899700164795,4.0010130405426025,2231.3122889995575,0,57,7
14,25,1,0.6969590187072754,6.0020668506622314,2233.31334400177,0,57,0
14,25,1,0.48580384254455566,8.00288701057434,2235.3141639232635,0,58,5
14,25,1,0.5927751064300537,10.00403094291687,2237.315307855606,0,58,2
14,25,2,0.9964580535888672,12.0050950050354,2239.3163719177246,0,58,1
14,25,1,0.6007740497589111,14.006188869476318,2241.317466020584,0,58,6
14,25,1,0,14.006479978561401,2241.3177568912506,Reward,0,0
14,5,0,0.2979400157928467,0.29990386962890625,2247.6706240177155,0,2,2
14,5,0,0,0.30020809173583984,2247.670928001404,Quit,0,0
14,5,0,0.3282651901245117,0.352398157119751,2252.0581769943237,0,0,2
14,5,0,0,0.3525509834289551,2252.058329820633,Quit,0,0
14,5,0,0.2832050323486328,0.28534889221191406,2256.376739025116,0,2,7
14,5,0,0,0.2856020927429199,2256.3769929409027,Quit,0,0
14,25,1,0.6215291023254395,2.00055193901062,2262.4112360477448,0,58,2
14,25,1,0.4840679168701172,4.001813888549805,2264.412497997284,0,58,2
14,25,1,0.6884441375732422,6.002881050109863,2266.4135658740997,0,58,1
14,25,1,0.614300012588501,8.020433902740479,2268.4311180114746,0,57,3
14,25,1,0.5156371593475342,10.004852056503296,2270.4155349731445,0,57,5
14,25,1,0.5141561031341553,12.00583291053772,2272.416517019272,0,58,0
14,25,1,0.697613000869751,14.00686502456665,2274.417548894882,0,58,0
14,25,1,0,14.007133960723877,2274.4178178310394,Reward,0,0
14,10,0,0.4334080219268799,0.4355199337005615,2280.906222820282,0,2,0
14,10,0,0,0.43575596809387207,2280.9064588546753,Quit,0,0
14,10,2,1.000128984451294,2.000282049179077,2286.9404380321503,0,57,3
14,10,1,0.6416051387786865,4.001501083374023,2288.9416580200195,0,58,5
14,10,1,0.526540994644165,6.00252103805542,2290.9426770210266,0,58,7
14,10,1,0.6477711200714111,8.00350308418274,2292.9436588287354,0,58,5
14,10,1,0.47455501556396484,10.004264116287231,2294.94441986084,0,58,0
14,10,1,0.948397159576416,12.005314111709595,2296.945469856262,0,58,3
14,10,1,0.4733259677886963,14.006587028503418,2298.9467430114746,0,58,1
14,10,1,0,14.006855010986328,2298.947010040283,Reward,0,0
14,25,1,0.5081911087036133,2.001188039779663,2307.000890016556,0,58,4
14,25,2,0.4978008270263672,4.002178192138672,2309.001879930496,0,58,5
14,25,1,0.4329869747161865,6.003021001815796,2311.002722978592,0,58,1
14,25,1,0.5011420249938965,8.003974199295044,2313.003676891327,0,57,3
14,25,1,0.5130171775817871,10.004976034164429,2315.0046768188477,0,57,6
14,25,1,0.4811830520629883,12.006005048751831,2317.005705833435,0,58,2
14,25,1,0.5085601806640625,14.007017135620117,2319.0067188739777,0,57,6
14,25,1,0,14.007286071777344,2319.0069868564606,Reward,0,0
14,5,0,0.33646106719970703,0.3598639965057373,2325.4196038246155,0,0,0
14,5,0,0,0.3600120544433594,2325.4197528362274,Quit,0,0
14,10,0,0.282304048538208,0.285783052444458,2329.7319259643555,0,1,3
14,10,0,0,0.28642702102661133,2329.7325699329376,Quit,0,0
14,25,2,0.7484250068664551,2.0170650482177734,2335.7822120189667,0,59,3
14,25,1,0.6254329681396484,4.001134157180786,2337.766280889511,0,56,0
14,25,1,0.5110719203948975,6.002454042434692,2339.7676010131836,0,58,7
14,25,1,0.5282390117645264,8.003419160842896,2341.768565893173,0,57,1
14,25,2,0.7309200763702393,10.004497051239014,2343.769644021988,0,58,7
14,25,2,0,10.004764080047607,2343.7699098587036,Forced travel,0,0
14,10,0,0.4030110836029053,0.42685699462890625,2348.231386899948,0,0,5
14,10,0,0,0.42702293395996094,2348.231552839279,Quit,0,0
14,25,1,0.5556640625,2.00028395652771,2354.2580490112305,0,57,2
14,25,2,0.7319619655609131,4.001307010650635,2356.259071826935,0,58,6
14,25,1,0.6650199890136719,6.002335071563721,2358.2600989341736,0,57,0
14,25,1,0.9676501750946045,8.003336906433105,2360.261101961136,0,57,5
14,25,1,0.6122660636901855,10.004281044006348,2362.2620458602905,0,57,1
14,25,1,0.5778999328613281,12.005595922470093,2364.263360977173,0,58,6
14,25,1,0.7397639751434326,14.006633043289185,2366.2643978595734,0,57,7
14,25,1,0,14.006907939910889,2366.2646720409393,Reward,0,0
14,5,0,0.30106282234191895,0.30303192138671875,2372.6203198432922,0,2,7
14,5,0,0,0.3032689094543457,2372.6205580234528,Quit,0,0
14,25,1,0.5987720489501953,2.0172030925750732,2378.670748949051,0,59,4
14,25,1,0.4592270851135254,4.001523971557617,2380.6550698280334,0,57,5
14,25,2,0.7632110118865967,6.002543926239014,2382.6560900211334,0,58,7
14,25,1,0.4978640079498291,8.003587007522583,2384.6571328639984,0,58,5
14,25,1,0.5980808734893799,10.004585027694702,2386.658131837845,0,58,3
14,25,1,0.5868728160858154,12.005548000335693,2388.659092903137,0,58,1
14,25,1,0.6310219764709473,14.00658392906189,2390.6601288318634,0,58,5
14,25,1,0,14.006853103637695,2390.6603989601135,Reward,0,0
14,25,1,0.5279021263122559,2.0009870529174805,2398.7140278816223,0,58,3
14,25,1,0.4034609794616699,4.002222061157227,2400.715262889862,0,58,7
14,25,1,0.8480439186096191,6.003252029418945,2402.716292858124,0,58,0
14,25,1,0.41429901123046875,8.004318952560425,2404.717360019684,0,58,5
14,25,1,0.4199669361114502,10.00531792640686,2406.718358039856,0,58,5
14,25,1,0.5141899585723877,12.006316900253296,2408.7193579673767,0,58,3
14,25,1,0.7813198566436768,14.007412910461426,2410.720453977585,0,56,5
14,25,1,0,14.00768494606018,2410.7207260131836,Reward,0,0
14,10,0,0.2668020725250244,0.26892805099487305,2417.042270898819,0,2,5
14,10,0,0,0.2700040340423584,2417.0433468818665,Quit,0,0
14,10,0,0.2780008316040039,0.2820250988006592,2421.3575479984283,0,1,5
14,10,0,0,0.28218698501586914,2421.3577098846436,Quit,0,0
14,5,0,0.6498610973358154,0.6518480777740479,2426.0469069480896,0,2,1
14,5,0,0,0.652101993560791,2426.0471608638763,Quit,0,0
14,5,0,0.2342820167541504,0.23642396926879883,2430.31626701355,0,2,4
14,5,0,0,0.2366800308227539,2430.316522836685,Quit,0,0
14,10,0,0.27081298828125,0.27430295944213867,2434.624426841736,0,1,3
14,10,0,0,0.27445411682128906,2434.624577999115,Quit,0,0
14,10,0,0.5863449573516846,0.6101157665252686,2439.261312007904,0,0,5
14,10,0,0,0.6102738380432129,2439.2614698410034,Quit,0,0
14,5,0,0.44319987297058105,0.467149019241333,2443.771450996399,0,0,5
14,5,0,0,0.46741509437561035,2443.7717158794403,Quit,0,0
14,25,1,0.4414820671081543,2.0012199878692627,2449.8069548606873,0,58,5
14,25,1,0.46352410316467285,4.002208948135376,2451.8079438209534,0,58,5
14,25,1,0.43119311332702637,6.003270864486694,2453.8090069293976,0,58,5
14,25,1,0.6503379344940186,8.004332065582275,2455.8100669384003,0,57,5
14,25,1,0.5473577976226807,10.005262851715088,2457.8109970092773,0,58,7
14,25,1,0.49814701080322266,12.006326913833618,2459.8120608329773,0,58,2
14,25,1,0.4274179935455322,14.007117986679077,2461.812852859497,0,58,4
14,25,1,0,14.007385969161987,2461.8131198883057,Reward,0,0
14,25,1,0.45856785774230957,2.0003390312194824,2469.8668959140778,0,57,6
14,25,1,0.7482650279998779,4.001385927200317,2471.867943048477,0,58,7
14,25,1,0.4645419120788574,6.002460956573486,2473.8690178394318,0,58,2
14,25,1,0.5645439624786377,8.003458976745605,2475.870015859604,0,58,3
14,25,1,0.6671919822692871,10.004438877105713,2477.8709959983826,0,57,0
14,25,1,0.5471601486206055,12.005517959594727,2479.872074842453,0,58,2
14,25,1,0.7216100692749023,14.006808996200562,2481.873365879059,0,58,6
14,25,1,0,14.00708293914795,2481.873638868332,Reward,0,0
14,5,0,0.27606201171875,0.28270912170410156,2488.2096259593964,0,1,7
14,5,0,0,0.282973051071167,2488.2098908424377,Quit,0,0
14,10,0,0.583284854888916,0.585258960723877,2492.83034992218,0,2,1
14,10,0,0,0.5854959487915039,2492.830586910248,Quit,0,0
14,5,0,0.3497188091278076,0.35166406631469727,2497.2167389392853,0,2,2
14,5,0,0,0.3518359661102295,2497.216910839081,Quit,0,0
14,5,0,0.2347240447998047,0.25819897651672363,2501.507875919342,0,0,7
14,5,0,0,0.25835609436035156,2501.50803399086,Quit,0,0
14,10,0,0.26728081703186035,0.2916381359100342,2505.8280169963837,0,0,7
14,10,0,0,0.2918109893798828,2505.8281898498535,Quit,0,0
14,25,1,0.47896814346313477,2.0011050701141357,2511.855232000351,0,58,4
14,25,1,0.7812581062316895,4.002086877822876,2513.8562150001526,0,58,4
14,25,1,0.4442160129547119,6.003196954727173,2515.8573248386383,0,57,2
14,25,1,0.5397250652313232,8.004000902175903,2517.8581290245056,0,58,1
14,25,1,0.46470093727111816,10.005003929138184,2519.859132051468,0,58,5
14,25,1,0.41639018058776855,12.00626802444458,2521.8603959083557,0,58,7
14,25,1,0.3918190002441406,14.007302045822144,2523.8614299297333,0,58,7
14,25,1,0,14.00757384300232,2523.8617010116577,Reward,0,0
14,25,1,0.768496036529541,2.0001118183135986,2531.9152410030365,0,58,6
14,25,1,0.7993128299713135,4.001141786575317,2533.916270971298,0,57,4
14,25,1,0.4915158748626709,6.002141952514648,2535.917270898819,0,57,2
14,25,1,0.5496559143066406,8.003292798995972,2537.918421983719,0,58,3
14,25,1,0.4772529602050781,10.004474878311157,2539.9196038246155,0,58,2
14,25,1,0.5013349056243896,12.005446910858154,2541.9205758571625,0,57,3
14,25,1,0.6301829814910889,14.006456851959229,2543.921586036682,0,57,0
14,25,1,0,14.0067298412323,2543.9218578338623,Reward,0,0
