14,10,1,0.8154878616333008,2.000767946243286,9.059499025344849,0,58,2
14,10,1,0.4619710445404053,4.002013921737671,11.06074595451355,0,58,4
14,10,2,0.9968578815460205,6.0030388832092285,13.061769962310791,0,58,3
14,10,1,0.5807411670684814,8.00416898727417,15.062900066375732,0,58,4
14,10,1,0.5784318447113037,10.004952907562256,17.06368398666382,0,58,1
14,10,1,0.4877159595489502,12.006287813186646,19.065019130706787,0,58,3
14,10,1,0.7612619400024414,14.007085800170898,21.06581711769104,0,56,0
14,10,1,0,14.007351875305176,21.066082000732422,Reward,0,0
14,25,1,0.5526659488677979,2.000343084335327,29.136791944503784,0,57,6
14,25,1,0.5570380687713623,4.001520156860352,31.13796901702881,0,58,5
14,25,1,0.7755599021911621,6.002600193023682,33.13904905319214,0,57,2
14,25,2,0.7458939552307129,8.020320177078247,35.156769037246704,0,57,4
14,25,2,0.006551027297973633,10.004446029663086,37.140894174575806,0,56,2
14,25,2,0,10.004706144332886,37.141154050827026,Forced travel,0,0
14,10,1,0.6046228408813477,1.9999840259552002,43.17742705345154,0,58,1
14,10,1,0.594926118850708,4.0012428760528564,45.17868614196777,0,58,0
14,10,1,0.5028760433197021,6.002328872680664,47.179770946502686,0,58,3
14,10,1,0.7150719165802002,8.003273010253906,49.180716037750244,0,57,2
14,10,1,0.8926739692687988,10.004243850708008,51.181687116622925,0,58,6
14,10,1,0.699800968170166,12.005431890487671,53.18287515640259,0,56,3
14,10,1,0.6169519424438477,14.006453037261963,55.183895111083984,0,57,0
14,10,1,0,14.00671100616455,55.18415307998657,Reward,0,0
14,5,1,0.4097909927368164,2.001193046569824,63.23820900917053,0,57,2
14,5,1,0.8980739116668701,4.002259969711304,65.23927712440491,0,57,7
14,5,1,0.7114169597625732,6.003166913986206,67.2401831150055,0,58,5
14,5,1,0.649528980255127,8.00438904762268,69.24140501022339,0,58,6
14,5,2,0.8310158252716064,10.005418062210083,71.24243402481079,0,58,2
14,5,1,0.5387821197509766,12.006475925445557,73.24349212646484,0,57,3
14,5,2,0.9960649013519287,14.007605075836182,75.24462103843689,0,58,4
14,5,2,0,14.00787091255188,75.24488615989685,Forced travel,0,0
14,25,1,0.8944790363311768,2.0005531311035156,81.28095698356628,0,58,0
14,25,1,0.8676152229309082,4.001681089401245,83.28208518028259,0,58,2
14,25,1,0.8980200290679932,6.002723217010498,85.28312706947327,0,58,4
14,25,1,0.7118368148803711,8.003859043121338,87.28426313400269,0,57,1
14,25,1,0.738987922668457,10.004871129989624,89.28527498245239,0,57,6
14,25,2,0.948004961013794,12.005858182907104,91.28626203536987,0,58,0
14,25,2,0.9969871044158936,14.006885051727295,93.28728914260864,0,58,6
14,25,2,0,14.007132053375244,93.2875349521637,Forced travel,0,0
14,5,2,0.9986939430236816,2.0011730194091797,99.32387113571167,0,58,3
14,5,1,0.7591850757598877,4.00226902961731,101.3249671459198,0,58,2
14,5,1,0.620142936706543,6.003321170806885,103.3260190486908,0,57,1
14,5,2,0.9967160224914551,8.004374980926514,105.327073097229,0,58,0
14,5,2,0,8.004642009735107,105.32733917236328,Forced travel,0,0
14,10,1,0.6336250305175781,2.001296043395996,111.36354899406433,0,58,4
14,10,1,0.5560071468353271,4.002321004867554,113.36457395553589,0,57,5
14,10,1,0.6810910701751709,6.003332138061523,115.36558508872986,0,58,4
14,10,1,0.6554419994354248,8.004476070404053,117.36672806739807,0,58,6
14,10,1,0.7044589519500732,10.005428075790405,119.36768007278442,0,57,1
14,10,1,0.5970070362091064,12.006515979766846,121.36876916885376,0,57,2
14,10,1,0.5386190414428711,14.007436990737915,123.36969017982483,0,58,4
14,10,1,0,14.007703065872192,123.36995601654053,Reward,0,0
14,5,2,0.6331031322479248,2.017346143722534,131.44083404541016,0,59,3
14,5,1,0.5624499320983887,4.001673221588135,133.42516207695007,0,57,4
14,5,2,0.9966630935668945,6.002748012542725,135.42623710632324,0,58,4
14,5,2,0,6.003015041351318,135.42650318145752,Forced travel,0,0
14,10,2,1.0000698566436768,2.0014801025390625,141.46267104148865,0,58,2
14,10,2,0.022695064544677734,4.00248908996582,143.4636790752411,0,57,4
14,10,2,0,4.002737045288086,143.46392703056335,Forced travel,0,0
14,25,2,0.9993929862976074,2.0018889904022217,149.49994707107544,0,58,5
14,25,1,0.6482269763946533,4.003050804138184,151.50110912322998,0,58,6
14,25,1,0.6745030879974365,6.004251956939697,153.5023090839386,0,58,3
14,25,1,0.7424740791320801,8.005204916000366,155.50326299667358,0,56,4
14,25,1,0.8276219367980957,10.006406784057617,157.5044651031494,0,58,2
14,25,1,0.9647078514099121,12.007447004318237,159.50550508499146,0,58,4
14,25,1,0.8695909976959229,14.00858187675476,161.50663900375366,0,58,2
14,25,1,0,14.008853912353516,161.50691103935242,Reward,0,0
14,5,2,0.9986391067504883,2.0013351440429688,169.56082701683044,0,58,1
14,5,1,0.7434580326080322,4.0023720264434814,171.56186294555664,0,57,2
14,5,1,0.5830628871917725,6.003158092498779,173.56264901161194,0,58,7
14,5,1,0.6813938617706299,8.004246950149536,175.56373810768127,0,57,6
14,5,1,0.7290229797363281,10.005293130874634,177.56478309631348,0,57,5
14,5,2,0.8321399688720703,12.00631308555603,179.5658040046692,0,58,3
14,5,2,0,12.006552934646606,179.56604313850403,Forced travel,0,0
14,25,1,0.5999679565429688,2.0012128353118896,185.6025791168213,0,58,5
14,25,1,0.7683510780334473,4.00209903717041,187.60346508026123,0,58,5
14,25,1,0.7216300964355469,6.003393888473511,189.6047601699829,0,58,4
14,25,1,0.6637818813323975,8.004374027252197,191.60574007034302,0,57,2
14,25,1,0.9593429565429688,10.00542402267456,193.60679006576538,0,58,6
14,25,1,0.709846019744873,12.006471872329712,195.60783696174622,0,57,6
14,25,2,0.49781298637390137,14.007513999938965,197.60888004302979,0,58,0
14,25,1,0,14.008612871170044,197.60997796058655,Reward,0,0
14,10,2,0.616081953048706,2.001253128051758,205.6631510257721,0,58,2
14,10,2,0.9968781471252441,4.0022900104522705,207.6641891002655,0,58,3
14,10,2,0,4.002559185028076,207.6644570827484,Forced travel,0,0
14,5,2,0.9166569709777832,2.001260995864868,213.7006471157074,0,58,1
14,5,2,0.9968841075897217,4.0023298263549805,215.7017171382904,0,58,5
14,5,2,0,4.002597808837891,215.701984167099,Forced travel,0,0
14,25,1,0.6505749225616455,2.0012729167938232,221.73803114891052,0,58,5
14,25,1,0.569464921951294,4.002326011657715,223.73908400535583,0,57,3
14,25,2,0.7478342056274414,6.003459930419922,225.74021816253662,0,58,2
14,25,1,0.5902409553527832,8.004575967788696,227.74133396148682,0,58,3
14,25,1,0.9367179870605469,10.005759954452515,229.74251794815063,0,58,6
14,25,2,0.9968240261077881,12.006802082061768,231.7435610294342,0,58,7
14,25,2,0,12.007067918777466,231.74382495880127,Forced travel,0,0
14,5,2,0.6756179332733154,2.0013089179992676,237.78012609481812,0,57,4
14,5,1,0.46160197257995605,4.3524720668792725,240.13128995895386,0,58,7
14,5,1,0.5417921543121338,6.019978046417236,241.7987940311432,0,37,4
14,5,1,0.7245211601257324,8.004347085952759,243.78316402435303,0,56,0
14,5,1,0.9203999042510986,10.00526213645935,245.78407907485962,0,58,0
14,5,2,0.9966709613800049,12.006272077560425,247.7850890159607,0,58,1
14,5,2,0,12.006531953811646,247.78534817695618,Forced travel,0,0
14,10,1,0.598768949508667,2.017194986343384,253.83845496177673,0,59,7
14,10,1,0.7295029163360596,4.001621961593628,255.82288217544556,0,56,6
14,10,2,0.9968180656433105,6.002640962600708,257.82390117645264,0,58,7
14,10,1,0.5157718658447266,8.003549098968506,259.82480907440186,0,58,5
14,10,1,0.7689619064331055,10.004554986953735,261.8258149623871,0,57,0
14,10,1,0.6722779273986816,12.005590915679932,263.82685017585754,0,57,6
14,10,1,0.6048691272735596,14.006716966629028,265.8279781341553,0,57,1
14,10,1,0,14.006984949111938,265.82824516296387,Reward,0,0
14,25,1,0.9474730491638184,2.001520872116089,273.8823971748352,0,58,1
14,25,2,1.0001189708709717,4.002543926239014,275.88341999053955,0,58,0
14,25,1,0.8466918468475342,6.003623008728027,277.88449907302856,0,57,1
14,25,1,0.9254250526428223,8.004623889923096,279.88549995422363,0,57,3
14,25,2,0.75701904296875,10.00540280342102,281.88627910614014,0,58,2
14,25,2,0,10.005640983581543,281.88651609420776,Forced travel,0,0
14,10,1,0.7210760116577148,2.001314163208008,287.92307305336,0,57,5
14,10,2,0.9964799880981445,4.002367973327637,289.9241261482239,0,58,3
14,10,1,0.4946279525756836,6.003257989883423,291.925017118454,0,58,0
14,10,1,0.8269109725952148,8.004326105117798,293.9260849952698,0,57,5
14,10,1,0.5340731143951416,10.005490064620972,295.92724800109863,0,56,0
14,10,1,0.5578899383544922,12.006582975387573,297.92834210395813,0,57,2
14,10,2,0.9969089031219482,14.007614135742188,299.92937302589417,0,58,7
14,10,2,0,14.007862091064453,299.9296200275421,Forced travel,0,0
14,5,2,0.9987199306488037,2.001235008239746,305.9658660888672,0,58,1
14,5,1,0.012852907180786133,4.002290964126587,307.966922044754,0,58,0
14,5,1,0.6227118968963623,6.00334095954895,309.9679720401764,0,58,5
14,5,2,1.0000410079956055,8.004235982894897,311.96886706352234,0,58,5
14,5,2,0,8.004493951797485,311.9691250324249,Forced travel,0,0
14,25,1,0.5541841983795166,2.0010080337524414,318.00534200668335,0,58,3
14,25,2,0.9963700771331787,4.002095937728882,320.00643014907837,0,58,2
14,25,1,0.7337319850921631,6.003313064575195,322.0076460838318,0,58,3
14,25,2,0.9314870834350586,8.004441976547241,324.00877594947815,0,58,1
14,25,2,0,8.00471305847168,324.00904607772827,Forced travel,0,0
14,10,1,0.5151491165161133,2.0012171268463135,330.0450429916382,0,57,2
14,10,2,1.0000941753387451,4.00242018699646,332.046245098114,0,58,0
14,10,1,0.013679981231689453,6.003470182418823,334.0472960472107,0,58,2
14,10,1,0.7268321514129639,8.021210193634033,336.0650360584259,0,57,3
14,10,1,0.7294809818267822,10.005375146865845,338.04920196533203,0,56,2
14,10,2,0.9969007968902588,12.006384134292603,340.0502099990845,0,58,1
14,10,2,0,12.006622076034546,340.0504469871521,Forced travel,0,0
14,25,2,0.9976592063903809,2.0168190002441406,346.10346508026123,0,59,4
14,25,2,0.9963929653167725,4.001489877700806,348.0881350040436,0,57,4
14,25,2,0,4.001754999160767,348.08840012550354,Forced travel,0,0
14,5,1,0.7089509963989258,2.00104022026062,354.1245970726013,0,58,3
14,5,2,0.9968070983886719,4.0021162033081055,356.1256730556488,0,58,7
14,5,1,0.9405431747436523,6.003117084503174,358.12667417526245,0,57,5
14,5,1,0.5149688720703125,8.003947019577026,360.1275041103363,0,58,4
14,5,2,0.9966750144958496,10.004963159561157,362.12852001190186,0,58,3
14,5,2,0,10.005205154418945,362.1287610530853,Forced travel,0,0
14,25,1,0.8497519493103027,2.0012459754943848,368.165244102478,0,58,7
14,25,2,1.0000648498535156,4.002156972885132,370.16615414619446,0,58,7
14,25,1,0.9284641742706299,6.0031890869140625,372.1671860218048,0,57,7
14,25,1,0.6237151622772217,8.004542112350464,374.1685390472412,0,58,4
14,25,1,0.9489169120788574,10.005465030670166,376.1694619655609,0,57,4
14,25,1,0.7483220100402832,12.006555080413818,378.17055201530457,0,58,1
14,25,1,0.7079319953918457,14.007606983184814,380.17160415649414,0,58,7
14,25,1,0,14.00788402557373,380.17188000679016,Reward,0,0
14,5,2,0.9986169338226318,2.0012478828430176,388.2257981300354,0,58,3
14,5,1,0.007901906967163086,4.002094984054565,390.22664499282837,0,58,6
14,5,1,0.012971878051757812,6.0031280517578125,392.2276780605316,0,58,0
14,5,1,0.7902770042419434,8.004404067993164,394.2289550304413,0,58,7
14,5,1,0.684697151184082,10.005414962768555,396.22996401786804,0,57,6
14,5,2,0.8773910999298096,12.006532907485962,398.23108410835266,0,58,1
14,5,2,0,12.006809949874878,398.23135900497437,Forced travel,0,0
14,5,1,0.6225991249084473,2.0009920597076416,404.26754903793335,0,58,1
14,5,1,0.9814331531524658,4.002108097076416,406.2686650753021,0,58,3
14,5,1,0.7497348785400391,6.003186941146851,408.26974415779114,0,57,1
14,5,2,1.0001349449157715,8.00419807434082,410.2707550525665,0,57,3
14,5,2,0.9969229698181152,10.00532603263855,412.27188205718994,0,58,2
14,5,2,0,10.005583047866821,412.2721390724182,Forced travel,0,0
14,10,1,0.8166909217834473,2.0012149810791016,418.3083391189575,0,57,2
14,10,1,0.697700023651123,4.002250909805298,420.3093740940094,0,58,5
14,10,1,0.7700839042663574,6.003325939178467,422.31044912338257,0,58,6
14,10,1,0.5526309013366699,8.004163026809692,424.3112850189209,0,58,3
14,10,1,0.5823409557342529,10.0052170753479,426.3123400211334,0,58,1
14,10,1,0.5908510684967041,12.006226062774658,428.31334805488586,0,57,0
14,10,1,0.9650170803070068,14.007288932800293,430.3144121170044,0,58,7
14,10,1,0,14.007560014724731,430.31468200683594,Reward,0,0
10,10,1,0.6231460571289062,2.000833034515381,443.4048550128937,0,57,1
10,10,1,0.6977739334106445,4.001749038696289,445.4057710170746,0,58,4
10,10,1,0.8945920467376709,6.002739906311035,447.4067630767822,0,57,1
10,10,2,0.996934175491333,8.003788948059082,449.40781116485596,0,58,5
10,10,1,0.6929850578308105,10.005069971084595,451.4090919494629,0,58,2
10,10,1,0,10.005343914031982,451.40936613082886,Reward,0,0
10,25,1,0.9664139747619629,2.001239061355591,463.4654030799866,0,58,5
10,25,1,0.8136990070343018,4.002280950546265,465.46644496917725,0,57,0
10,25,2,0.9969098567962646,6.0033159255981445,467.4674789905548,0,58,2
10,25,1,0.6429300308227539,8.004390001296997,469.468554019928,0,58,6
10,25,2,1.0000958442687988,10.005409955978394,471.46957302093506,0,57,5
10,25,2,0,10.005653858184814,471.46981716156006,Forced travel,0,0
10,5,2,1.0000519752502441,2.001209020614624,481.50823998451233,0,57,6
10,5,1,0.5307059288024902,4.002295017242432,483.50932598114014,0,58,5
10,5,2,1.0000479221343994,6.003535985946655,485.51056814193726,0,58,5
10,5,2,0,6.003710031509399,485.5107400417328,Forced travel,0,0
10,25,2,0.9977049827575684,2.016869068145752,495.5653820037842,0,59,7
10,25,1,0.013257980346679688,4.001466989517212,497.54998111724854,0,57,6
10,25,1,0.018603086471557617,6.019160032272339,499.56767201423645,0,57,7
10,25,1,0.914592981338501,8.003592014312744,501.5521049499512,0,57,4
10,25,2,0.9968178272247314,10.00465202331543,503.55316615104675,0,58,3
10,25,2,0,10.004919052124023,503.55343103408813,Forced travel,0,0
10,5,1,0.626533031463623,2.0002851486206055,513.5914890766144,0,57,3
10,5,2,0.9971048831939697,4.001366138458252,515.5925710201263,0,58,4
10,5,1,0.5894060134887695,6.002437114715576,517.5936410427094,0,57,3
10,5,2,0.9967730045318604,8.003441095352173,519.594645023346,0,58,0
10,5,2,0,8.003679990768433,519.5948829650879,Forced travel,0,0
10,10,1,0.8486840724945068,2.0169830322265625,529.6503629684448,0,59,2
10,10,2,1.000074863433838,4.001023054122925,531.6344029903412,0,57,6
10,10,1,0.4945859909057617,6.002325057983398,533.6357049942017,0,58,7
10,10,2,1.0001280307769775,8.003334999084473,535.6367151737213,0,57,0
10,10,2,0,8.003597974777222,535.6369769573212,Forced travel,0,0
10,5,2,0.6826789379119873,2.0013630390167236,545.6758980751038,0,58,5
10,5,2,0.012644052505493164,4.001745939254761,547.6762809753418,0,58,0
10,5,2,0,4.002003908157349,547.6765379905701,Forced travel,0,0
10,25,1,0.715980052947998,2.0012619495391846,557.7149801254272,0,58,7
10,25,2,0.9963078498840332,4.002336025238037,559.7160539627075,0,58,1
10,25,2,0.7255749702453613,6.003176927566528,561.7168951034546,0,58,0
10,25,2,0,6.003453016281128,561.7171700000763,Forced travel,0,0
10,10,2,1.0000560283660889,2.0002658367156982,571.7557721138,0,57,0
10,10,2,0.7914488315582275,4.001384019851685,573.7568891048431,0,57,2
10,10,2,0,4.001617908477783,573.7571229934692,Forced travel,0,0
10,25,2,0.9976019859313965,2.0179970264434814,583.8131351470947,0,59,0
10,25,2,1.0001180171966553,4.001378059387207,585.7965161800385,0,57,0
10,25,2,0,4.001622200012207,585.7967591285706,Forced travel,0,0
10,5,1,0.6907081604003906,2.0002100467681885,595.834990978241,0,57,0
10,5,1,0.596970796585083,4.001316070556641,597.8360970020294,0,57,6
10,5,1,0.5857830047607422,6.00239896774292,599.8371801376343,0,57,3
10,5,1,0.7052769660949707,8.02013897895813,601.8549201488495,0,57,3
10,5,1,0.8092310428619385,10.004271030426025,603.8390519618988,0,56,1
10,5,1,0,10.004539012908936,603.8393189907074,Reward,0,0
10,10,2,1.0001111030578613,2.002490997314453,615.8954341411591,0,57,1
10,10,1,0.5488660335540771,4.003687143325806,617.8966310024261,0,58,7
10,10,1,1.000756025314331,6.004786014556885,619.8977291584015,0,57,1
10,10,2,1.0000579357147217,8.005905151367188,621.8988480567932,0,58,1
10,10,2,0,8.006139993667603,621.8990819454193,Forced travel,0,0
10,25,2,1.000087022781372,2.0022830963134766,631.9375419616699,0,57,1
10,25,2,0.8950469493865967,4.0031092166900635,633.9383680820465,0,58,1
10,25,2,0,4.003354072570801,633.9386119842529,Forced travel,0,0
10,10,1,0.5200750827789307,2.0012362003326416,643.9770550727844,0,58,5
10,10,1,0.5397970676422119,4.0029191970825195,645.97873711586,0,58,7
10,10,2,0.99686598777771,6.003127098083496,647.9789459705353,0,58,7
10,10,1,0.4980311393737793,8.004410982131958,649.9802300930023,0,58,3
10,10,1,0.7012279033660889,10.005390167236328,651.9812090396881,0,57,2
10,10,1,0,10.005645036697388,651.9814629554749,Reward,0,0
10,5,1,0.5534911155700684,2.000094175338745,664.0376510620117,0,58,7
10,5,2,1.0000360012054443,4.000876188278198,666.0384330749512,0,58,0
10,5,2,0.5657820701599121,6.002009153366089,668.0395660400391,0,58,0
10,5,2,0,6.002279996871948,668.0398361682892,Forced travel,0,0
10,25,1,0.5537271499633789,2.0010499954223633,678.0781280994415,0,58,4
10,25,1,0.8641629219055176,4.002086162567139,680.0791630744934,0,57,1
10,25,1,0.8150379657745361,6.003176212310791,682.0802550315857,0,58,4
10,25,1,0.8145389556884766,8.004419088363647,684.0814969539642,0,58,0
10,25,2,1.0000429153442383,10.005503177642822,686.0825810432434,0,58,2
10,25,1,0,10.005774021148682,686.0828511714935,Reward,0,0
10,10,1,0.9308500289916992,2.0011680126190186,698.1388790607452,0,57,2
10,10,2,0.9814610481262207,4.002254009246826,700.139965057373,0,58,3
10,10,2,0.9966518878936768,6.003342866897583,702.1410541534424,0,58,6
10,10,2,0,6.0036070346832275,702.1413171291351,Forced travel,0,0
10,5,1,0.6202371120452881,2.001271963119507,712.17968916893,0,57,3
10,5,1,0.8152101039886475,4.002242088317871,714.1806590557098,0,57,0
10,5,1,0.736605167388916,6.003381013870239,716.1817979812622,0,57,0
10,5,1,0.6336839199066162,8.004326105117798,718.1827430725098,0,57,3
10,5,2,1.000105857849121,10.005429029464722,720.1838459968567,0,57,4
10,5,1,0,10.005701065063477,720.1841170787811,Reward,0,0
10,5,2,1.0000600814819336,2.001164197921753,732.2401471138,0,58,1
10,5,2,1.0000560283660889,4.002267122268677,734.2412509918213,0,57,1
10,5,2,0,4.002531051635742,734.241513967514,Forced travel,0,0
10,5,1,0.8926639556884766,2.0012929439544678,744.2798321247101,0,57,2
10,5,1,0.6738300323486328,4.002327919006348,746.2808680534363,0,58,7
10,5,1,0.6513209342956543,6.003396987915039,748.2819361686707,0,57,6
10,5,2,0.8643040657043457,8.004462957382202,750.2830009460449,0,58,1
10,5,1,0.660102128982544,10.005542039871216,752.2840809822083,0,57,6
10,5,1,0,10.005799055099487,752.2843370437622,Reward,0,0
10,25,1,0.7298359870910645,2.000251054763794,764.3402070999146,0,58,4
10,25,1,0.8315560817718506,4.001276016235352,766.3412311077118,0,58,4
10,25,1,0.989954948425293,6.002543210983276,768.3424980640411,0,58,1
10,25,1,0.6466548442840576,8.00365400314331,770.3436090946198,0,58,4
10,25,2,0.6276941299438477,10.004659175872803,772.3446140289307,0,57,5
10,25,1,0,10.004930019378662,772.3448841571808,Reward,0,0
10,10,1,0.5872759819030762,2.0000929832458496,784.4009561538696,0,57,6
10,10,1,0.8259661197662354,4.001129150390625,786.4019920825958,0,57,2
10,10,2,0.9967010021209717,6.00219202041626,788.4030549526215,0,58,1
10,10,2,0.007870912551879883,8.003019094467163,790.403881072998,0,58,6
10,10,2,0,8.003253936767578,790.404116153717,Forced travel,0,0
10,10,1,0.8805570602416992,2.000502109527588,800.4426970481873,0,57,0
10,10,2,1.0000648498535156,4.001632928848267,802.4438271522522,0,57,6
10,10,1,0.9219439029693604,6.002604007720947,804.4447989463806,0,57,0
10,10,2,0.9967219829559326,8.003725051879883,806.4459209442139,0,58,3
10,10,2,0,8.003988981246948,806.4461829662323,Forced travel,0,0
10,25,1,0.615231990814209,2.001283884048462,816.4845321178436,0,58,5
10,25,2,0.9968471527099609,4.002327919006348,818.4855761528015,0,58,6
10,25,1,0.010837078094482422,6.003164052963257,820.4864120483398,0,58,2
10,25,2,1.000114917755127,8.00439190864563,822.4876389503479,0,58,5
10,25,2,0,8.004634857177734,822.4878821372986,Forced travel,0,0
10,25,2,1.0000529289245605,2.00045108795166,832.5262470245361,0,58,6
10,25,2,1.0001180171966553,4.001532077789307,834.5273280143738,0,57,2
10,25,2,0,4.0017969608306885,834.5275919437408,Forced travel,0,0
10,10,1,0.8998019695281982,2.0171279907226562,844.5825901031494,0,59,5
10,10,2,0.9972190856933594,4.001322984695435,846.5667841434479,0,57,5
10,10,2,0.013488054275512695,6.002394199371338,848.5678570270538,0,58,3
10,10,2,0,6.002651214599609,848.5681121349335,Forced travel,0,0
2,10,1,0.9644520282745361,2.000732898712158,863.6425969600677,0,57,2
2,10,1,0,2.001828908920288,863.6436929702759,Reward,0,0
2,25,1,0.567716121673584,2.0000860691070557,883.7032129764557,0,58,7
2,25,1,0,2.000378131866455,883.7035031318665,Reward,0,0
2,10,1,0.9061651229858398,2.0012149810791016,903.7638511657715,0,57,2
2,10,1,0,2.001491069793701,903.7641260623932,Reward,0,0
2,5,2,0.9977099895477295,2.0168001651763916,923.8407940864563,0,59,0
2,5,2,0,2.0178191661834717,923.8418140411377,Forced travel,0,0
2,5,2,1.0000660419464111,2.2839717864990234,942.1673231124878,0,58,3
2,5,2,0,2.284235954284668,942.1675860881805,Forced travel,0,0
2,25,1,0.8609359264373779,2.0007309913635254,961.1772990226746,0,57,1
2,25,1,0,2.001004934310913,961.1775720119476,Reward,0,0
2,5,1,0.9988820552825928,2.0003199577331543,981.2379009723663,0,58,3
2,5,1,0,2.000607967376709,981.2381880283356,Reward,0,0
2,25,2,1.0000979900360107,2.000425100326538,1001.2985789775848,0,57,6
2,25,2,0,2.0006930828094482,1001.2988460063934,Forced travel,0,0
2,25,1,0.7008399963378906,2.0011627674102783,1019.341325044632,0,57,3
2,25,1,0,2.0014379024505615,1019.341598033905,Reward,0,0
2,5,1,0.8848888874053955,2.0004029273986816,1039.401831150055,0,58,0
2,5,1,0,2.0014328956604004,1039.4028601646423,Reward,0,0
2,10,1,0.6896500587463379,2.002077102661133,1060.2125380039215,0,58,5
2,10,1,0,2.002338171005249,1060.2127990722656,Reward,0,0
2,10,1,0.5320708751678467,2.001218795776367,1080.2732400894165,0,57,6
2,10,1,0,2.002206802368164,1080.274227142334,Reward,0,0
2,5,2,1.000087022781372,2.000631093978882,1100.3338849544525,0,58,6
2,5,2,0,2.0016870498657227,1100.334939956665,Forced travel,0,0
2,25,2,1.0001239776611328,2.0022029876708984,1118.37753200531,0,58,6
2,25,2,0,2.0024869441986084,1118.3778150081635,Forced travel,0,0
2,25,1,0.8096559047698975,2.000663995742798,1136.4196801185608,0,58,2
2,25,1,0,2.000958204269409,1136.4199740886688,Reward,0,0
2,10,2,1.0001239776611328,2.000257968902588,1156.4800889492035,0,57,4
2,10,2,0,2.00130295753479,1156.4811329841614,Forced travel,0,0
2,5,2,1.0000810623168945,2.000262975692749,1175.9736061096191,0,57,1
2,5,2,0,2.0005199909210205,1175.973862171173,Forced travel,0,0
2,10,1,0.7651588916778564,2.000175952911377,1194.0163259506226,0,58,6
2,10,1,0,2.0004429817199707,1194.0165920257568,Reward,0,0
2,5,1,0.7484979629516602,2.002079963684082,1214.0768721103668,0,57,4
2,5,1,0,2.0023281574249268,1214.0771191120148,Reward,0,0
2,25,1,0.8733489513397217,2.001239061355591,1234.1374809741974,0,57,7
2,25,1,0,2.002261161804199,1234.138503074646,Reward,0,0
2,10,1,0.7843348979949951,2.001227855682373,1254.1980221271515,0,58,6
2,10,1,0,2.0015108585357666,1254.1983041763306,Reward,0,0
2,10,1,0.7679510116577148,2.001479148864746,1274.2588720321655,0,58,2
2,10,1,0,2.001768112182617,1274.259160041809,Reward,0,0
0,0,0,99,0,1290.3000371456146,Break,0,0
14,10,1,0.8347179889678955,2.000681161880493,1342.661591053009,0,57,3
14,10,1,0.8899781703948975,4.0016930103302,1344.6626040935516,0,57,4
14,10,1,0.6175918579101562,6.002694129943848,1346.6636040210724,0,57,6
14,10,1,0.7979588508605957,8.003719091415405,1348.664628982544,0,58,6
14,10,1,0.9647200107574463,10.00474500656128,1350.6656551361084,0,58,4
14,10,1,0.6739349365234375,12.005922079086304,1352.6668319702148,0,58,4
14,10,1,0.5974271297454834,13.99029803276062,1354.6512081623077,0,56,5
14,10,1,0,13.990575075149536,1354.651484966278,Reward,0,0
14,25,1,0.7942848205566406,2.000401020050049,1362.7053790092468,0,58,6
14,25,1,0.614577054977417,4.0013768672943115,1364.7063550949097,0,58,7
14,25,1,0.6479520797729492,6.002500057220459,1366.7074780464172,0,58,2
14,25,1,0.664682149887085,8.00356388092041,1368.7085421085358,0,58,4
14,25,1,0.5647778511047363,10.004621028900146,1370.709599018097,0,57,0
14,25,1,0.7511677742004395,12.005481004714966,1372.7104589939117,0,58,0
14,25,2,0.9968550205230713,14.006514072418213,1374.7114911079407,0,58,1
14,25,1,0,14.00675892829895,1374.7117359638214,Reward,0,0
14,5,1,0.6321220397949219,2.017382860183716,1382.782730102539,0,59,6
14,5,1,0.6440789699554443,4.001628875732422,1384.7669751644135,0,57,6
14,5,1,0.4893069267272949,6.002655982971191,1386.768002986908,0,57,1
14,5,2,0.9823958873748779,8.003751993179321,1388.769098997116,0,58,1
14,5,1,0.7808949947357178,10.004800081253052,1390.7701470851898,0,58,7
14,5,1,0.9471120834350586,12.005850076675415,1392.7711970806122,0,58,5
14,5,1,0.6750209331512451,14.006901979446411,1394.7722489833832,0,58,7
14,5,1,0,14.007174015045166,1394.772521018982,Reward,0,0
14,10,1,0.9993410110473633,2.00097393989563,1402.826514005661,0,58,1
14,10,1,0.8546090126037598,4.0017478466033936,1404.8272881507874,0,58,6
14,10,1,0.9878518581390381,6.0028979778289795,1406.8284380435944,0,57,7
14,10,1,0.9261629581451416,8.003949880599976,1408.8294899463654,0,57,5
14,10,1,0.7166531085968018,10.004930019378662,1410.830470085144,0,57,0
14,10,1,0.5399320125579834,12.00618290901184,1412.8317229747772,0,58,7
14,10,1,0.5411369800567627,14.007166862487793,1414.832708120346,0,58,3
14,10,1,0,14.007423877716064,1414.8329629898071,Reward,0,0
14,25,1,0.716094970703125,2.0000040531158447,1422.8868250846863,0,58,2
14,25,2,0.9969189167022705,4.0010998249053955,1424.8879210948944,0,58,3
14,25,1,0.8910651206970215,6.002379894256592,1426.8892011642456,0,58,2
14,25,1,0.7951529026031494,8.003412961959839,1428.8902339935303,0,57,7
14,25,2,1.0001330375671387,10.004441976547241,1430.8912630081177,0,57,4
14,25,2,0,10.004709959030151,1430.8915300369263,Forced travel,0,0
14,5,1,0.6282150745391846,2.0002031326293945,1436.927531003952,0,57,6
14,5,1,0.8979191780090332,4.0012571811676025,1438.9285850524902,0,58,5
14,5,1,0.5303301811218262,6.002637147903442,1440.9299659729004,0,58,3
14,5,1,0.5645589828491211,8.003573179244995,1442.930902004242,0,58,7
14,5,1,0.534898042678833,10.004585981369019,1444.9319140911102,0,57,3
14,5,1,0.695868968963623,12.005078077316284,1446.9324049949646,0,58,6
14,5,1,0.5985250473022461,14.006602048873901,1448.933930158615,0,57,1
14,5,1,0,14.007589101791382,1448.9349160194397,Reward,0,0
14,5,1,0.8156931400299072,2.017519235610962,1457.005403995514,0,59,5
14,5,1,0.6326251029968262,4.001445055007935,1458.989326953888,0,57,4
14,5,1,0.6527910232543945,6.002539157867432,1460.9904220104218,0,57,5
14,5,1,0.9814028739929199,8.003608226776123,1462.9914910793304,0,58,7
14,5,1,0.5717449188232422,10.004728078842163,1464.992611169815,0,57,2
14,5,2,0.9809620380401611,12.005743026733398,1466.9936261177063,0,58,2
14,5,1,0.6926038265228271,14.006738185882568,1468.9946200847626,0,57,6
14,5,1,0,14.006997108459473,1468.9948799610138,Reward,0,0
14,5,1,0.7665271759033203,2.01716685295105,1477.065570116043,0,59,1
14,5,1,0.6742641925811768,4.001504898071289,1479.0499081611633,0,56,4
14,5,1,0.45452308654785156,6.002629995346069,1481.0510330200195,0,58,5
14,5,2,1.0000770092010498,8.003360986709595,1483.0517630577087,0,58,6
14,5,1,0.546875,10.00448203086853,1485.052885055542,0,58,7
14,5,1,0.5839941501617432,12.005736827850342,1487.0541400909424,0,58,4
14,5,1,0.6039750576019287,14.006778001785278,1489.0551810264587,0,57,7
14,5,1,0,14.007052898406982,1489.0554549694061,Reward,0,0
14,10,1,0.689903974533081,2.0011990070343018,1497.1094691753387,0,57,2
14,10,2,0.8311231136322021,4.002350091934204,1499.1106209754944,0,58,3
14,10,1,0.6976029872894287,6.003287076950073,1501.1115579605103,0,58,6
14,10,1,0.8321528434753418,8.004354000091553,1503.1126251220703,0,58,3
14,10,1,0.71219801902771,10.00535798072815,1505.113629102707,0,57,7
14,10,1,0.7806129455566406,12.006410121917725,1507.1146800518036,0,57,2
14,10,1,0.5407240390777588,14.007290124893188,1509.1155610084534,0,58,7
14,10,1,0,14.007583141326904,1509.1158530712128,Reward,0,0
14,25,1,0.7091951370239258,2.0002098083496094,1517.1697521209717,0,57,2
14,25,1,0.7293457984924316,4.001549005508423,1519.1710901260376,0,58,5
14,25,1,0.6996941566467285,6.003471851348877,1521.173012971878,0,58,1
14,25,2,0.6981101036071777,8.003607988357544,1523.173150062561,0,58,3
14,25,1,0.4345369338989258,10.004446983337402,1525.173989057541,0,58,3
14,25,1,0.5924139022827148,12.005534887313843,1527.1750769615173,0,57,0
14,25,1,0.3828151226043701,14.006829977035522,1529.176372051239,0,58,4
14,25,1,0,14.007102966308594,1529.176645040512,Reward,0,0
14,10,1,0.6575319766998291,2.0011699199676514,1537.2305011749268,0,57,6
14,10,1,0.648780107498169,4.002233028411865,1539.2315649986267,0,58,7
14,10,1,0.6542198657989502,6.0032899379730225,1541.2326209545135,0,57,3
14,10,1,0.9141738414764404,8.004372835159302,1543.233703136444,0,58,7
14,10,1,0.3343160152435303,10.005382061004639,1545.2347140312195,0,57,4
14,10,1,0.5108208656311035,12.006208896636963,1547.235540151596,0,58,7
14,10,1,0.8633749485015869,14.00731086730957,1549.2366411685944,0,58,6
14,10,1,0,14.007576942443848,1549.23690700531,Reward,0,0
14,25,1,0.5664680004119873,2.0012290477752686,1557.290936946869,0,58,7
14,25,1,0.8977937698364258,4.002307176589966,1559.2920150756836,0,58,3
14,25,1,0.7093520164489746,6.00344705581665,1561.2931549549103,0,58,3
14,25,1,0.9812500476837158,8.004544019699097,1563.2942521572113,0,58,6
14,25,2,0.9968810081481934,10.005583047866821,1565.2952909469604,0,58,0
14,25,1,0.014337778091430664,12.006736993789673,1567.2964451313019,0,58,0
14,25,1,0.8809220790863037,14.00767207145691,1569.2973790168762,0,58,3
14,25,1,0,14.007927179336548,1569.2976341247559,Reward,0,0
14,5,1,0.9183378219604492,2.0012221336364746,1577.3683240413666,0,57,7
14,5,1,0.6309001445770264,4.0023181438446045,1579.3694200515747,0,58,0
14,5,1,0.7641339302062988,6.003380060195923,1581.370481967926,0,58,5
14,5,1,0.7643358707427979,8.004362106323242,1583.3714640140533,0,58,7
14,5,1,0.7862222194671631,10.005412101745605,1585.3725140094757,0,57,1
14,5,1,0.601294994354248,12.006422996520996,1587.3735251426697,0,57,6
14,5,1,0.6485049724578857,14.007537126541138,1589.3746390342712,0,58,5
14,5,1,0,14.007810115814209,1589.37491106987,Reward,0,0
14,25,1,0.7860989570617676,2.000178813934326,1597.428717136383,0,58,3
14,25,1,0.6146140098571777,4.001150846481323,1599.4296879768372,0,58,5
14,25,1,0.6638500690460205,6.002273797988892,1601.4308121204376,0,58,4
14,25,1,0.6806819438934326,8.003273963928223,1603.431811094284,0,57,7
14,25,1,0.8639469146728516,10.004342794418335,1605.432881116867,0,58,6
14,25,1,0.841454029083252,12.005417823791504,1607.4339561462402,0,57,2
14,25,2,1.0001258850097656,14.006422996520996,1609.4349610805511,0,57,0
14,25,1,0,14.006672859191895,1609.4352099895477,Reward,0,0
14,25,1,0.8470609188079834,2.000437021255493,1617.4894261360168,0,58,0
14,25,1,0.7958040237426758,4.0014870166778564,1619.4904761314392,0,58,0
14,25,1,0.8142290115356445,6.002525091171265,1621.491513967514,0,57,2
14,25,1,0.5978739261627197,8.003616094589233,1623.492604970932,0,58,5
14,25,2,0.9969069957733154,10.004657983779907,1625.4936470985413,0,58,4
14,25,1,0.6342818737030029,12.005760192871094,1627.4947490692139,0,57,5
14,25,1,0.6812641620635986,14.006755113601685,1629.4957439899445,0,58,1
14,25,1,0,14.007029056549072,1629.4960169792175,Reward,0,0
14,10,1,0.5827939510345459,2.001345157623291,1637.5499770641327,0,58,4
14,10,1,0.9797539710998535,4.002170085906982,1639.5508019924164,0,58,6
14,10,1,0.7646629810333252,6.003226041793823,1641.5518579483032,0,58,3
14,10,1,0.5828149318695068,8.004342079162598,1643.552973985672,0,57,5
14,10,2,0.9966599941253662,10.005406141281128,1645.5540380477905,0,58,2
14,10,1,0.4950270652770996,12.006608009338379,1647.5552401542664,0,58,7
14,10,2,0.7646231651306152,14.007644176483154,1649.5562770366669,0,58,0
14,10,2,0,14.007912158966064,1649.5565431118011,Forced travel,0,0
14,10,1,0.7657430171966553,2.017232894897461,1655.6095051765442,0,59,5
14,10,2,0.9969360828399658,4.001426935195923,1657.593698978424,0,57,3
14,10,1,0.47318005561828613,6.002681016921997,1659.5949530601501,0,58,5
14,10,1,0.9482910633087158,8.003760814666748,1661.5960330963135,0,58,4
14,10,1,0.6214120388031006,10.004711866378784,1663.5969841480255,0,57,7
14,10,1,0.4595320224761963,12.00577187538147,1665.5980441570282,0,58,3
14,10,1,0.46494007110595703,13.990222930908203,1667.5824949741364,0,56,1
14,10,1,0,13.991233825683594,1667.5835061073303,Reward,0,0
14,5,1,0.72092604637146,2.0011332035064697,1675.6365940570831,0,57,3
14,5,1,0.7877931594848633,4.002248048782349,1677.6377091407776,0,57,5
14,5,1,0.7276980876922607,6.003307104110718,1679.6387679576874,0,58,0
14,5,1,0.9986119270324707,8.00438117980957,1681.6398420333862,0,58,7
14,5,1,0.7260169982910156,10.00520920753479,1683.6406710147858,0,58,7
14,5,2,0.9969179630279541,12.006301164627075,1685.6417620182037,0,58,2
14,5,1,0.6121640205383301,14.007553100585938,1687.6430130004883,0,58,7
14,5,1,0,14.007810115814209,1687.6432700157166,Reward,0,0
14,10,1,0.7247350215911865,2.0012898445129395,1695.6972661018372,0,57,6
14,10,1,0.9647190570831299,4.002285003662109,1697.6982610225677,0,58,5
14,10,1,0.8626611232757568,6.00334906578064,1699.6993250846863,0,57,5
14,10,1,0.7520310878753662,8.004410028457642,1701.700385093689,0,57,7
14,10,1,0.6153748035430908,10.005437850952148,1703.7014141082764,0,57,0
14,10,1,0.45145201683044434,12.006571054458618,1705.7025470733643,0,57,6
14,10,1,0.6317410469055176,14.008368968963623,1707.7043449878693,0,58,5
14,10,1,0,14.008643865585327,1707.7046191692352,Reward,0,0
14,5,1,0.8917920589447021,2.00125789642334,1715.7578179836273,0,58,0
14,5,1,0.9583148956298828,4.0022947788238525,1717.7588551044464,0,57,2
14,5,1,0.7794101238250732,6.003294944763184,1719.7598550319672,0,57,5
14,5,1,0.5975759029388428,8.004403829574585,1721.7609629631042,0,58,5
14,5,1,0.5774059295654297,10.005530834197998,1723.7620921134949,0,57,6
14,5,1,0.6019771099090576,12.006581783294678,1725.7631421089172,0,57,5
14,5,1,0.6744930744171143,13.990867853164673,1727.7474281787872,0,56,5
14,5,1,0,13.991123914718628,1727.7476830482483,Reward,0,0
14,10,1,0.8808701038360596,2.001286029815674,1735.8017060756683,0,58,2
14,10,1,0.5649721622467041,4.002362966537476,1737.8027820587158,0,57,2
14,10,1,0.6404449939727783,6.003330945968628,1739.8037509918213,0,57,0
14,10,1,0.5507848262786865,8.004061937332153,1741.8044819831848,0,58,7
14,10,1,0.48940610885620117,10.005443811416626,1743.8058640956879,0,58,5
14,10,1,0.6479110717773438,12.00647497177124,1745.8068940639496,0,57,5
14,10,1,0.519934892654419,14.007555961608887,1747.8079760074615,0,58,7
14,10,1,0,14.007845878601074,1747.8082649707794,Reward,0,0
10,5,2,0.9972438812255859,2.0164880752563477,1760.9149839878082,0,59,3
10,5,1,0.6574571132659912,4.000779151916504,1762.899274110794,0,56,6
10,5,2,0.9966120719909668,6.001783132553101,1764.900279045105,0,58,2
10,5,2,0,6.002031087875366,1764.900526046753,Forced travel,0,0
10,25,1,0.9790840148925781,2.0003161430358887,1774.9387180805206,0,57,2
10,25,2,0.996845006942749,4.001361131668091,1776.9397630691528,0,58,0
10,25,1,0.5935158729553223,6.002639055252075,1778.9410409927368,0,58,1
10,25,1,0.5502138137817383,8.003615140914917,1780.9420161247253,0,58,4
10,25,1,0.6938769817352295,10.004528999328613,1782.942931175232,0,58,6
10,25,1,0,10.004826068878174,1782.9432270526886,Reward,0,0
10,10,2,0.9978060722351074,2.017261028289795,1795.0162131786346,0,59,2
10,10,1,0.7584660053253174,4.001404047012329,1797.0003550052643,0,56,0
10,10,1,0.6279668807983398,6.002575159072876,1799.0015261173248,0,58,7
10,10,1,0.9313290119171143,8.003705978393555,1801.0026581287384,0,58,4
10,10,1,0.6778359413146973,10.00472617149353,1803.0036771297455,0,57,3
10,10,1,0,10.004982948303223,1803.003935098648,Reward,0,0
10,5,1,0.7830522060394287,2.0002400875091553,1815.0600249767303,0,57,1
10,5,1,0.5996570587158203,4.00139307975769,1817.0611779689789,0,57,7
10,5,1,0.5596740245819092,6.0023720264434814,1819.0621571540833,0,57,1
10,5,2,1.0000860691070557,8.003445148468018,1821.0632300376892,0,58,6
10,5,1,0.5403008460998535,10.004289150238037,1823.0640740394592,0,58,7
10,5,1,0,10.004553079605103,1823.064337015152,Reward,0,0
10,25,1,0.6333410739898682,2.001344919204712,1835.1205661296844,0,58,5
10,25,1,0.9304909706115723,4.002468109130859,1837.1216900348663,0,57,5
10,25,1,0.6249711513519287,6.00344705581665,1839.1226680278778,0,57,3
10,25,2,0.9484858512878418,8.004514932632446,1841.1237361431122,0,58,7
10,25,1,0.6618139743804932,10.005573034286499,1843.1247940063477,0,58,6
10,25,1,0,10.005845069885254,1843.125065088272,Reward,0,0
10,10,2,0.6772079467773438,2.0017361640930176,1855.18114900589,0,57,4
10,10,1,0.7044711112976074,4.020265102386475,1857.199676990509,0,57,4
10,10,2,1.000063180923462,6.003899097442627,1859.1833109855652,0,56,1
10,10,2,0,6.00416111946106,1859.1835720539093,Forced travel,0,0
10,25,1,0.584130048751831,2.0013458728790283,1869.2217881679535,0,57,0
10,25,1,0.6863021850585938,4.002717018127441,1871.2231600284576,0,58,0
10,25,1,0.7317869663238525,6.003571033477783,1873.2240149974823,0,58,5
10,25,1,0.6844501495361328,8.00466799736023,1875.2251119613647,0,57,0
10,25,1,0.7109169960021973,10.005668878555298,1877.226112127304,0,58,1
10,25,1,0,10.006033897399902,1877.2264771461487,Reward,0,0
10,5,1,0.6315109729766846,2.0023319721221924,1889.2835590839386,0,57,3
10,5,1,0.6495678424835205,4.002104997634888,1891.2833330631256,0,58,3
10,5,1,0.5862009525299072,6.003309965133667,1893.28453707695,0,58,0
10,5,1,0.6645321846008301,8.00525689125061,1895.2864849567413,0,58,4
10,5,1,0.49335503578186035,10.005545854568481,1897.2867741584778,0,58,5
10,5,1,0,10.005801916122437,1897.2870290279388,Reward,0,0
10,5,2,0.9985470771789551,2.0011918544769287,1909.343052148819,0,58,5
10,5,1,0.7319769859313965,4.018972873687744,1911.3608331680298,0,57,5
10,5,1,0.7660279273986816,6.004405975341797,1913.3462669849396,0,57,5
10,5,1,0.612048864364624,8.004380941390991,1915.3462419509888,0,58,7
10,5,2,0.8488068580627441,10.0054349899292,1917.347295999527,0,58,3
10,5,2,0,10.005697011947632,1917.347557067871,Forced travel,0,0
10,10,1,0.8818881511688232,2.0337228775024414,1927.4192070960999,0,59,7
10,10,2,1.430466890335083,4.201345920562744,1929.5868301391602,0,30,3
10,10,1,0.684859037399292,6.302403926849365,1931.6878881454468,0,45,6
10,10,2,1.3465750217437744,8.12007999420166,1933.5055639743805,0,19,1
10,10,2,0,8.120337963104248,1933.5058209896088,Forced travel,0,0
10,10,1,0.7574930191040039,2.0012571811676025,1944.5114500522614,0,57,2
10,10,1,0.6028909683227539,4.002660036087036,1946.5128531455994,0,57,2
10,10,2,1.0001330375671387,6.003176212310791,1948.5133690834045,0,57,4
10,10,1,0.379641056060791,8.00429916381836,1950.5144929885864,0,57,4
10,10,1,0.5067141056060791,10.005608081817627,1952.515799999237,0,58,3
10,10,1,0,10.005880117416382,1952.5160720348358,Reward,0,0
10,25,1,0.6103458404541016,2.001185894012451,1964.572114944458,0,58,5
10,25,1,0.8480401039123535,4.002254009246826,1966.5731830596924,0,58,2
10,25,1,0.42619800567626953,6.002975940704346,1968.5739040374756,0,58,3
10,25,1,0.614952802658081,8.004098892211914,1970.575028181076,0,58,6
10,25,1,0.43456101417541504,10.005208015441895,1972.5761370658875,0,57,6
10,25,1,0,10.005478858947754,1972.576406955719,Reward,0,0
10,10,1,0.7488598823547363,2.0172998905181885,1984.6494221687317,0,59,3
10,10,1,0.847686767578125,4.0013649463653564,1986.6334869861603,0,57,0
10,10,1,0.5812480449676514,6.002418041229248,1988.6345400810242,0,58,6
10,10,1,0.7002589702606201,8.003690958023071,1990.635812997818,0,58,1
10,10,1,0.650705099105835,10.00472903251648,1992.6368510723114,0,58,6
10,10,1,0,10.004979848861694,1992.6371011734009,Reward,0,0
10,25,1,0.8581938743591309,2.0003230571746826,2004.6932201385498,0,57,0
10,25,1,0.8691220283508301,4.001238107681274,2006.6941339969635,0,58,6
10,25,1,0.575286865234375,6.00237512588501,2008.6952710151672,0,58,6
10,25,1,0.6811120510101318,8.003456115722656,2010.6963529586792,0,58,6
10,25,1,0.6410830020904541,10.00452709197998,2012.6974229812622,0,57,0
10,25,1,0,10.004826068878174,2012.697721004486,Reward,0,0
10,5,2,0.9986698627471924,2.0012669563293457,2024.7538380622864,0,58,2
10,5,2,0.01311802864074707,4.002279996871948,2026.7548439502716,0,58,6
10,5,2,0,4.003298997879028,2026.7558629512787,Forced travel,0,0
10,10,2,1.0000879764556885,2.0004398822784424,2036.7934219837189,0,58,6
10,10,1,0.638139009475708,4.0014989376068115,2038.7944819927216,0,58,0
10,10,1,0.8322820663452148,6.0025928020477295,2040.7955770492554,0,58,1
10,10,1,0.8528289794921875,8.003397941589355,2042.796380996704,0,58,2
10,10,1,0.6978440284729004,10.004450798034668,2044.797434091568,0,58,5
10,10,1,0,10.004717826843262,2044.7977001667023,Reward,0,0
10,5,1,0.7581419944763184,2.000584840774536,2056.8540551662445,0,58,7
10,5,1,0.953665018081665,4.001596927642822,2058.855067014694,0,57,4
10,5,2,0.996920108795166,6.002647876739502,2060.856117963791,0,58,0
10,5,1,0.69222092628479,8.003659963607788,2062.857130050659,0,57,3
10,5,2,0.781548023223877,10.004762887954712,2064.858232975006,0,58,1
10,5,2,0,10.005026817321777,2064.858495950699,Forced travel,0,0
10,25,2,0.9985058307647705,2.001215934753418,2074.8966081142426,0,58,2
10,25,1,0.81485915184021,4.002223968505859,2076.897614955902,0,58,5
10,25,1,0.7600719928741455,6.003266096115112,2078.8986580371857,0,57,7
10,25,2,1.0000979900360107,8.00443410873413,2080.8998260498047,0,57,1
10,25,2,0,8.004689931869507,2080.9000811576843,Forced travel,0,0
10,5,2,1.0001120567321777,2.0007898807525635,2090.9384429454803,0,58,2
10,5,1,0.6605250835418701,4.002020835876465,2092.939674139023,0,58,3
10,5,1,0.5742058753967285,6.003118991851807,2094.9407720565796,0,58,4
10,5,1,0.49758005142211914,8.00413990020752,2096.9417929649353,0,58,7
10,5,1,0.5010490417480469,10.00522780418396,2098.9428811073303,0,57,6
10,5,1,0,10.005502939224243,2098.9431550502777,Reward,0,0
10,5,2,1.0001070499420166,2.0012550354003906,2110.998945951462,0,58,6
10,5,1,0.7980217933654785,4.002309083938599,2113.0000009536743,0,58,5
10,5,1,0.8821549415588379,6.003356218338013,2115.0010480880737,0,58,3
10,5,1,0.8317129611968994,8.004451036453247,2117.0021431446075,0,58,5
10,5,1,0.7851982116699219,10.005542993545532,2119.0032351017,0,57,2
10,5,1,0,10.00579309463501,2119.0034840106964,Reward,0,0
10,10,1,0.8967399597167969,2.000814914703369,2131.059772014618,0,58,4
10,10,2,0.9972169399261475,4.001871824264526,2133.060839176178,0,58,0
10,10,1,0.9789550304412842,6.002880811691284,2135.061845064163,0,58,7
10,10,1,0.5277349948883057,8.003714799880981,2137.0626730918884,0,58,3
10,10,1,0.7220139503479004,10.005216836929321,2139.064176082611,0,58,0
10,10,1,0,10.005513906478882,2139.0644710063934,Reward,0,0
10,25,2,1.000082015991211,2.001336097717285,2151.1203730106354,0,58,0
10,25,2,1.0001108646392822,4.019148111343384,2153.138185977936,0,57,1
10,25,2,0,4.019406080245972,2153.138442993164,Forced travel,0,0
10,10,1,0.6293461322784424,2.003814935684204,2163.1779301166534,0,58,7
10,10,2,0.8798520565032959,4.003751039505005,2165.1778659820557,0,58,0
10,10,2,1.0001168251037598,6.004354953765869,2167.1784710884094,0,58,1
10,10,2,0,6.004610061645508,2167.178724050522,Forced travel,0,0
2,5,1,0.6909689903259277,2.000372886657715,2182.253296136856,0,58,4
2,5,1,0,2.0006508827209473,2182.253573179245,Reward,0,0
2,10,1,0.7156529426574707,2.0012309551239014,2202.31485414505,0,58,6
2,10,1,0,2.0015029907226562,2202.315126180649,Reward,0,0
2,25,1,0.6492888927459717,2.0019009113311768,2222.391011953354,0,58,4
2,25,1,0,2.0029590129852295,2222.3920691013336,Reward,0,0
2,25,2,0.9975500106811523,2.0171568393707275,2242.4685831069946,0,59,2
2,25,2,0,2.017514944076538,2242.4689421653748,Forced travel,0,0
2,5,1,0.7872679233551025,2.001300096511841,2260.5110490322113,0,57,1
2,5,1,0,2.0015530586242676,2260.5113010406494,Reward,0,0
2,10,1,0.7614061832427979,2.001276969909668,2280.588324069977,0,57,4
2,10,1,0,2.00152587890625,2280.5885729789734,Reward,0,0
2,25,1,0.6837060451507568,2.0014328956604004,2300.6489391326904,0,58,3
2,25,1,0,2.002426862716675,2300.6499321460724,Reward,0,0
2,5,1,0.5243070125579834,2.0026051998138428,2320.7095930576324,0,57,1
2,5,1,0,2.0028750896453857,2320.7098619937897,Reward,0,0
2,25,2,0.6493639945983887,2.0173561573028564,2340.787009000778,0,59,0
2,25,2,0,2.018388032913208,2340.78803896904,Forced travel,0,0
2,10,1,0.9905450344085693,2.001710891723633,2358.8299989700317,0,58,2
2,10,1,0,2.0027358531951904,2358.831024169922,Reward,0,0
2,10,1,0.7148489952087402,2.000761032104492,2378.890280008316,0,57,2
2,10,1,0,2.0010390281677246,2378.890557050705,Reward,0,0
2,5,1,0.7320868968963623,2.000554084777832,2398.9508950710297,0,58,4
2,5,1,0,2.0008270740509033,2398.9511671066284,Reward,0,0
2,5,1,0.7937819957733154,2.000300168991089,2419.0114600658417,0,58,7
2,5,1,0,2.0005719661712646,2419.011731147766,Reward,0,0
2,10,2,0.7640759944915771,2.0004661083221436,2439.0721180438995,0,57,5
2,10,2,0,2.000718116760254,2439.072368144989,Forced travel,0,0
2,25,2,1.0000898838043213,2.001278877258301,2457.1148619651794,0,58,6
2,25,2,0,2.002262830734253,2457.115844964981,Forced travel,0,0
2,10,1,0.6491508483886719,2.017213821411133,2475.174348115921,0,59,7
2,10,1,0,2.0174689292907715,2475.1746020317078,Reward,0,0
2,5,1,0.6872389316558838,2.0012521743774414,2495.2348160743713,0,58,6
2,5,1,0,2.0022971630096436,2495.2358610630035,Reward,0,0
2,25,1,0.7991600036621094,2.002506971359253,2515.2954461574554,0,57,7
2,25,1,0,2.0027849674224854,2515.2957241535187,Reward,0,0
2,10,2,1.0001227855682373,2.001512050628662,2535.3560359477997,0,58,3
2,10,2,0,2.001758098602295,2535.3562819957733,Forced travel,0,0
2,25,1,0.6998867988586426,2.000127077102661,2553.398633956909,0,57,2
2,25,1,0,2.000370979309082,2553.39887714386,Reward,0,0
2,10,1,0.7851650714874268,2.0005738735198975,2573.459396123886,0,58,2
2,10,1,0,2.0008318424224854,2573.4596531391144,Reward,0,0
2,25,1,0.7815020084381104,2.000591993331909,2593.519912958145,0,58,1
2,25,1,0,2.001605987548828,2593.520926952362,Reward,0,0
